filename,label
7frRY7aGwMU0,shake_tomato
tHdnDCCCVBU0,shake_tomato
tHdnDCCCVBU1,shake_tomato
j-yiBoFxE4s0,shake_tomato
eG_dFrnOk-k0,shake_tomato
ncozgeSnRwA0,shake_tomato
j-yiBoFxE4s1,shake_tomato
j-yiBoFxE4s2,shake_tomato
7frRY7aGwMU1,shake_tomato
tHdnDCCCVBU2,shake_tomato
j-yiBoFxE4s3,shake_tomato
j-yiBoFxE4s4,shake_tomato
tHdnDCCCVBU3,shake_tomato
5y5L9uK5o000,shake_tomato
j-yiBoFxE4s5,shake_tomato
j-yiBoFxE4s6,shake_tomato
j-yiBoFxE4s7,shake_tomato
tHdnDCCCVBU4,shake_tomato
ncozgeSnRwA1,shake_tomato
j-yiBoFxE4s8,shake_tomato
j-yiBoFxE4s9,shake_tomato
ncozgeSnRwA2,shake_tomato
tHdnDCCCVBU5,shake_tomato
7frRY7aGwMU2,shake_tomato
j-yiBoFxE4s10,shake_tomato
j-yiBoFxE4s11,shake_tomato
tHdnDCCCVBU6,shake_tomato
tHdnDCCCVBU7,shake_tomato
ncozgeSnRwA3,shake_tomato
tHdnDCCCVBU8,shake_tomato
tHdnDCCCVBU9,shake_tomato
TLMroVuZ_Nc0,close_blender
I5lDKOLbcEA0,close_blender
CRpYWbUCWyU0,close_blender
I5lDKOLbcEA1,close_blender
ypfewaIAeno0,close_blender
TLMroVuZ_Nc1,close_blender
uGvJM-5JMWI0,close_blender
6GTfQjZILqA0,close_blender
CRpYWbUCWyU1,close_blender
6GTfQjZILqA1,close_blender
TLMroVuZ_Nc2,close_blender
TLMroVuZ_Nc3,close_blender
ypfewaIAeno1,close_blender
CRpYWbUCWyU2,close_blender
CRpYWbUCWyU3,close_blender
ypfewaIAeno2,close_blender
CRpYWbUCWyU4,close_blender
TLMroVuZ_Nc4,close_blender
-LUcn3SoISQ0,close_blender
TLMroVuZ_Nc5,close_blender
CRpYWbUCWyU5,close_blender
TLMroVuZ_Nc6,close_blender
3qzuOzV0ylg0,close_blender
I5lDKOLbcEA2,close_blender
TLMroVuZ_Nc7,close_blender
uGvJM-5JMWI1,close_blender
ypfewaIAeno3,close_blender
ppNqpTCZgf40,weigh_banana
f3eIl-JOTO80,weigh_banana
UI_W7GfKZSQ0,weigh_banana
ppNqpTCZgf41,weigh_banana
0ccSrtWKncI0,weigh_banana
ppNqpTCZgf42,weigh_banana
f3eIl-JOTO81,weigh_banana
0ccSrtWKncI1,weigh_banana
wuElGdGct3I0,weigh_banana
wuElGdGct3I1,weigh_banana
ppNqpTCZgf43,weigh_banana
wuElGdGct3I2,weigh_banana
IFY8XLDly1o0,weigh_banana
UI_W7GfKZSQ1,weigh_banana
qNZJxuD9YrE0,weigh_banana
wuElGdGct3I3,weigh_banana
0ccSrtWKncI2,weigh_banana
UI_W7GfKZSQ2,weigh_banana
ppNqpTCZgf44,weigh_banana
wuElGdGct3I4,weigh_banana
ppNqpTCZgf45,weigh_banana
wuElGdGct3I5,weigh_banana
ppNqpTCZgf46,weigh_banana
qNZJxuD9YrE1,weigh_banana
UI_W7GfKZSQ3,weigh_banana
DM6tSS7WfNI0,weigh_banana
qNZJxuD9YrE2,weigh_banana
UI_W7GfKZSQ4,weigh_banana
qNZJxuD9YrE3,weigh_banana
UI_W7GfKZSQ5,weigh_banana
wuElGdGct3I6,weigh_banana
qNZJxuD9YrE4,weigh_banana
wuElGdGct3I7,weigh_banana
wuElGdGct3I8,weigh_banana
0Y3wzFkSUps0,weigh_banana
dNZDAKVee-g0,move_microwave
Sa6ZC4TEPXk0,move_microwave
c1DnBGK9UF80,move_microwave
c1DnBGK9UF81,move_microwave
VsvPTP-eJyA0,move_microwave
Sa6ZC4TEPXk1,move_microwave
Sa6ZC4TEPXk2,move_microwave
c1DnBGK9UF82,move_microwave
c1DnBGK9UF83,move_microwave
VsvPTP-eJyA1,move_microwave
Sa6ZC4TEPXk3,move_microwave
a_P0n4HurSA0,move_microwave
VsvPTP-eJyA2,move_microwave
VsvPTP-eJyA3,move_microwave
a_P0n4HurSA1,move_microwave
a_P0n4HurSA2,move_microwave
VsvPTP-eJyA4,move_microwave
dNZDAKVee-g1,move_microwave
a_P0n4HurSA3,move_microwave
c1DnBGK9UF84,move_microwave
Sa6ZC4TEPXk4,move_microwave
VsvPTP-eJyA5,move_microwave
c1DnBGK9UF85,move_microwave
VsvPTP-eJyA6,move_microwave
Sa6ZC4TEPXk5,move_microwave
a_P0n4HurSA4,move_microwave
a_P0n4HurSA5,move_microwave
Sa6ZC4TEPXk6,move_microwave
Sa6ZC4TEPXk7,move_microwave
k7e9vGRoH8w0,move_microwave
c1DnBGK9UF86,move_microwave
c1DnBGK9UF87,move_microwave
c1DnBGK9UF88,move_microwave
c1DnBGK9UF89,move_microwave
k7e9vGRoH8w1,move_microwave
k7e9vGRoH8w2,move_microwave
k7e9vGRoH8w3,move_microwave
k7e9vGRoH8w4,move_microwave
5IbTTidaRn40,weigh_egg
5IbTTidaRn41,weigh_egg
5IbTTidaRn42,weigh_egg
11AKmhbaX0g0,weigh_egg
11AKmhbaX0g1,weigh_egg
6PJxSVW_Xp40,weigh_egg
SYUtoQFVleU0,weigh_egg
Yl2TnaKHvn00,weigh_egg
bdPsmVhUlZ00,unplug_oven
HoCBudoWS8w0,unplug_oven
HoCBudoWS8w1,unplug_oven
HoCBudoWS8w2,unplug_oven
bdPsmVhUlZ01,unplug_oven
C9KcyLyqL2Y0,unplug_oven
bdPsmVhUlZ02,unplug_oven
bdPsmVhUlZ03,unplug_oven
bdPsmVhUlZ04,unplug_oven
HoCBudoWS8w3,unplug_oven
bdPsmVhUlZ05,unplug_oven
bdPsmVhUlZ06,unplug_oven
bdPsmVhUlZ07,unplug_oven
bdPsmVhUlZ08,unplug_oven
C9KcyLyqL2Y1,unplug_oven
HoCBudoWS8w4,unplug_oven
C9KcyLyqL2Y2,unplug_oven
C9KcyLyqL2Y3,unplug_oven
HoCBudoWS8w5,unplug_oven
HoCBudoWS8w6,unplug_oven
HoCBudoWS8w7,unplug_oven
HoCBudoWS8w8,unplug_oven
HoCBudoWS8w9,unplug_oven
HoCBudoWS8w10,unplug_oven
QaMW4kKYbNM0,throw_shirt
yywai14eUPQ0,throw_shirt
TAVDqnCGbqQ0,throw_shirt
rX7KJuJiFqM0,throw_shirt
TAVDqnCGbqQ1,throw_shirt
i9sZF8t4aBw0,throw_shirt
bK8mQjJQfS40,throw_shirt
AvMJUXVp2FA0,throw_shirt
AvMJUXVp2FA1,throw_shirt
yywai14eUPQ1,throw_shirt
Cxjo2sgeLJ40,throw_shirt
Cxjo2sgeLJ41,throw_shirt
bK8mQjJQfS41,throw_shirt
7fNI95ZQxfs0,throw_shirt
i9sZF8t4aBw1,throw_shirt
rX7KJuJiFqM1,throw_shirt
I0d5TEbK7LE0,spray_microwave
rnl4pq2erWw0,spray_microwave
I0d5TEbK7LE1,spray_microwave
Zx24I3hd8Hk0,spray_microwave
037S15TlT8I0,spray_microwave
Zx24I3hd8Hk1,spray_microwave
8AJX_TVpDJk0,spray_microwave
rnl4pq2erWw1,spray_microwave
Zx24I3hd8Hk2,spray_microwave
037S15TlT8I1,spray_microwave
037S15TlT8I2,spray_microwave
Zx24I3hd8Hk3,spray_microwave
Zx24I3hd8Hk4,spray_microwave
I0d5TEbK7LE2,spray_microwave
Zx24I3hd8Hk5,spray_microwave
Zx24I3hd8Hk6,spray_microwave
037S15TlT8I3,spray_microwave
I0d5TEbK7LE3,spray_microwave
037S15TlT8I4,spray_microwave
I0d5TEbK7LE4,spray_microwave
037S15TlT8I5,spray_microwave
rnl4pq2erWw2,spray_microwave
Zx24I3hd8Hk7,spray_microwave
037S15TlT8I6,spray_microwave
rnl4pq2erWw3,spray_microwave
uQxx7w_f_cE0,spray_microwave
I0d5TEbK7LE5,spray_microwave
Zx24I3hd8Hk8,spray_microwave
IOrlfW2L8lg0,spray_microwave
8AJX_TVpDJk1,spray_microwave
I0d5TEbK7LE6,spray_microwave
I0d5TEbK7LE7,spray_microwave
Zx24I3hd8Hk9,spray_microwave
rnl4pq2erWw4,spray_microwave
Zx24I3hd8Hk10,spray_microwave
8AJX_TVpDJk2,spray_microwave
I0d5TEbK7LE8,spray_microwave
037S15TlT8I7,spray_microwave
037S15TlT8I8,spray_microwave
Zx24I3hd8Hk11,spray_microwave
8AJX_TVpDJk3,spray_microwave
Zx24I3hd8Hk12,spray_microwave
037S15TlT8I9,spray_microwave
rnl4pq2erWw5,spray_microwave
8AJX_TVpDJk4,spray_microwave
037S15TlT8I10,spray_microwave
I0d5TEbK7LE9,spray_microwave
037S15TlT8I11,spray_microwave
8AJX_TVpDJk5,spray_microwave
8AJX_TVpDJk6,spray_microwave
037S15TlT8I12,spray_microwave
037S15TlT8I13,spray_microwave
8AJX_TVpDJk7,spray_microwave
I0d5TEbK7LE10,spray_microwave
037S15TlT8I14,spray_microwave
I0d5TEbK7LE11,spray_microwave
rnl4pq2erWw6,spray_microwave
I0d5TEbK7LE12,spray_microwave
037S15TlT8I15,spray_microwave
I0d5TEbK7LE13,spray_microwave
rnl4pq2erWw7,spray_microwave
Zx24I3hd8Hk13,spray_microwave
I0d5TEbK7LE14,spray_microwave
I0d5TEbK7LE15,spray_microwave
IOrlfW2L8lg1,spray_microwave
Zx24I3hd8Hk14,spray_microwave
8AJX_TVpDJk8,spray_microwave
037S15TlT8I16,spray_microwave
uQxx7w_f_cE1,spray_microwave
uQxx7w_f_cE2,spray_microwave
I0d5TEbK7LE16,spray_microwave
rnl4pq2erWw8,spray_microwave
8AJX_TVpDJk9,spray_microwave
uQxx7w_f_cE3,spray_microwave
I0d5TEbK7LE17,spray_microwave
Zx24I3hd8Hk15,spray_microwave
Zx24I3hd8Hk16,spray_microwave
rnl4pq2erWw9,spray_microwave
8AJX_TVpDJk10,spray_microwave
rnl4pq2erWw10,spray_microwave
I0d5TEbK7LE18,spray_microwave
037S15TlT8I17,spray_microwave
rnl4pq2erWw11,spray_microwave
037S15TlT8I18,spray_microwave
qSz91l_kmq40,spray_microwave
YQhLQE3C7cM0,spray_microwave
QFSR7FDUUW40,spray_microwave
qSz91l_kmq41,spray_microwave
QFSR7FDUUW41,spray_microwave
YQhLQE3C7cM1,spray_microwave
QFSR7FDUUW42,spray_microwave
YQhLQE3C7cM2,spray_microwave
qSz91l_kmq42,spray_microwave
qSz91l_kmq43,spray_microwave
QFSR7FDUUW43,spray_microwave
qSz91l_kmq44,spray_microwave
qSz91l_kmq45,spray_microwave
qSz91l_kmq46,spray_microwave
qSz91l_kmq47,spray_microwave
qSz91l_kmq48,spray_microwave
QFSR7FDUUW44,spray_microwave
qSz91l_kmq49,spray_microwave
qSz91l_kmq410,spray_microwave
2LmvYe3O_Pw0,measure_carrots
RYHFeTsEn6U0,measure_carrots
RYHFeTsEn6U1,measure_carrots
SUqdPxLjmJ40,measure_carrots
RYHFeTsEn6U2,measure_carrots
RYHFeTsEn6U3,measure_carrots
2LmvYe3O_Pw1,measure_carrots
RYHFeTsEn6U4,measure_carrots
AciBMkgrlGk0,measure_carrots
RYHFeTsEn6U5,measure_carrots
RYHFeTsEn6U6,measure_carrots
SUqdPxLjmJ41,measure_carrots
RYHFeTsEn6U7,measure_carrots
RYHFeTsEn6U8,measure_carrots
OMLxushMUwY0,measure_carrots
2LmvYe3O_Pw2,measure_carrots
2LmvYe3O_Pw3,measure_carrots
RYHFeTsEn6U9,measure_carrots
OMLxushMUwY1,measure_carrots
RYHFeTsEn6U10,measure_carrots
RYHFeTsEn6U11,measure_carrots
OMLxushMUwY2,measure_carrots
OMLxushMUwY3,measure_carrots
OMLxushMUwY4,measure_carrots
RYHFeTsEn6U12,measure_carrots
StQgAzKmkIk0,open_microwave
StQgAzKmkIk1,open_microwave
StQgAzKmkIk2,open_microwave
-Oywo0MnAdQ0,open_microwave
-Oywo0MnAdQ1,open_microwave
JDHWEOQCoIA0,open_microwave
JDHWEOQCoIA1,open_microwave
StQgAzKmkIk3,open_microwave
StQgAzKmkIk4,open_microwave
-Oywo0MnAdQ2,open_microwave
JDHWEOQCoIA2,open_microwave
7x0fv6_X_HI0,open_microwave
-Oywo0MnAdQ3,open_microwave
-Oywo0MnAdQ4,open_microwave
QGCe29pXz3A0,open_microwave
7x0fv6_X_HI1,open_microwave
JDHWEOQCoIA3,open_microwave
7x0fv6_X_HI2,open_microwave
JDHWEOQCoIA4,open_microwave
EM7mdR9HsQM0,open_microwave
rCSCyB_p7BI0,open_microwave
IZDIK8V3OBc0,open_microwave
JDHWEOQCoIA5,open_microwave
rQVGiAlXMwg0,cut_rock
b5Z6FXcPGFc0,cut_rock
rQVGiAlXMwg1,cut_rock
ZvnP5Ut6CuU0,cut_rock
rQVGiAlXMwg2,cut_rock
rQVGiAlXMwg3,cut_rock
IyHO5Qe102E0,cut_rock
ZvnP5Ut6CuU1,cut_rock
FFliTfTBGAg0,cut_rock
FFliTfTBGAg1,cut_rock
rQVGiAlXMwg4,cut_rock
IyHO5Qe102E1,cut_rock
rQVGiAlXMwg5,cut_rock
rQVGiAlXMwg6,cut_rock
ZvnP5Ut6CuU2,cut_rock
ZvnP5Ut6CuU3,cut_rock
rQVGiAlXMwg7,cut_rock
FFliTfTBGAg2,cut_rock
FFliTfTBGAg3,cut_rock
b5Z6FXcPGFc1,cut_rock
b5Z6FXcPGFc2,cut_rock
2EGCvOfQX9U0,cut_rock
aPideUAoDuo0,cut_rock
b5Z6FXcPGFc3,cut_rock
b5Z6FXcPGFc4,cut_rock
b5Z6FXcPGFc5,cut_rock
b5Z6FXcPGFc6,cut_rock
b5Z6FXcPGFc7,cut_rock
c4lx7bZCL9U0,cut_rock
vi_tD3IiGcc0,cut_rock
vi_tD3IiGcc1,cut_rock
c4lx7bZCL9U1,cut_rock
vi_tD3IiGcc2,cut_rock
vi_tD3IiGcc3,cut_rock
vi_tD3IiGcc4,cut_rock
vi_tD3IiGcc5,cut_rock
vi_tD3IiGcc6,cut_rock
vi_tD3IiGcc7,cut_rock
vi_tD3IiGcc8,cut_rock
vi_tD3IiGcc9,cut_rock
vi_tD3IiGcc10,cut_rock
o3TSaTrmMzY0,peel_corn
e5D1diRoupI0,peel_corn
LAtpalx4_mw0,peel_corn
o3TSaTrmMzY1,peel_corn
xrMhzZAXKaw0,peel_corn
Tkes2ULyZLY0,peel_corn
Tkes2ULyZLY1,peel_corn
ugm2bChsFys0,roll_potato
RcZ7Sx-H1co0,roll_potato
9m8AdQmnCbY0,roll_potato
vVlVl6duuzs0,roll_potato
s2LuWXgjXuA0,roll_potato
RcZ7Sx-H1co1,roll_potato
9m8AdQmnCbY1,roll_potato
y24wB7UUMhU0,roll_potato
s2LuWXgjXuA1,roll_potato
d8obFkc12iQ0,roll_potato
ugm2bChsFys1,roll_potato
s2LuWXgjXuA2,roll_potato
4kiViS0bgNE0,roll_potato
y24wB7UUMhU1,roll_potato
kCW-9syBIZo0,roll_potato
RcZ7Sx-H1co2,roll_potato
d8obFkc12iQ1,roll_potato
4kiViS0bgNE1,roll_potato
s2LuWXgjXuA3,roll_potato
kCW-9syBIZo1,roll_potato
vVlVl6duuzs1,roll_potato
9m8AdQmnCbY2,roll_potato
d8obFkc12iQ2,roll_potato
9m8AdQmnCbY3,roll_potato
s2LuWXgjXuA4,roll_potato
y24wB7UUMhU2,roll_potato
4kiViS0bgNE2,roll_potato
y24wB7UUMhU3,roll_potato
kCW-9syBIZo2,roll_potato
9m8AdQmnCbY4,roll_potato
9m8AdQmnCbY5,roll_potato
V8vUYMFH2-I0,roll_potato
RcZ7Sx-H1co3,roll_potato
RcZ7Sx-H1co4,roll_potato
kCW-9syBIZo3,roll_potato
9m8AdQmnCbY6,roll_potato
vVlVl6duuzs2,roll_potato
s2LuWXgjXuA5,roll_potato
RcZ7Sx-H1co5,roll_potato
kCW-9syBIZo4,roll_potato
V8vUYMFH2-I1,roll_potato
RcZ7Sx-H1co6,roll_potato
RcZ7Sx-H1co7,roll_potato
y24wB7UUMhU4,roll_potato
d8obFkc12iQ3,roll_potato
4kiViS0bgNE3,roll_potato
9m8AdQmnCbY7,roll_potato
4kiViS0bgNE4,roll_potato
RcZ7Sx-H1co8,roll_potato
RcZ7Sx-H1co9,roll_potato
ugm2bChsFys2,roll_potato
d8obFkc12iQ4,roll_potato
9m8AdQmnCbY8,roll_potato
V8vUYMFH2-I2,roll_potato
RcZ7Sx-H1co10,roll_potato
vVlVl6duuzs3,roll_potato
ugm2bChsFys3,roll_potato
RcZ7Sx-H1co11,roll_potato
ugm2bChsFys4,roll_potato
vVlVl6duuzs4,roll_potato
ugm2bChsFys5,roll_potato
vVlVl6duuzs5,roll_potato
9m8AdQmnCbY9,roll_potato
9m8AdQmnCbY10,roll_potato
4kiViS0bgNE5,roll_potato
ugm2bChsFys6,roll_potato
s2LuWXgjXuA6,roll_potato
9m8AdQmnCbY11,roll_potato
ugm2bChsFys7,roll_potato
4kiViS0bgNE6,roll_potato
vVlVl6duuzs6,roll_potato
RcZ7Sx-H1co12,roll_potato
d8obFkc12iQ5,roll_potato
y24wB7UUMhU5,roll_potato
RcZ7Sx-H1co13,roll_potato
ugm2bChsFys8,roll_potato
vVlVl6duuzs7,roll_potato
9m8AdQmnCbY12,roll_potato
kCW-9syBIZo5,roll_potato
4kiViS0bgNE7,roll_potato
V8vUYMFH2-I3,roll_potato
ugm2bChsFys9,roll_potato
9m8AdQmnCbY13,roll_potato
9m8AdQmnCbY14,roll_potato
V8vUYMFH2-I4,roll_potato
s2LuWXgjXuA7,roll_potato
d8obFkc12iQ6,roll_potato
9m8AdQmnCbY15,roll_potato
kCW-9syBIZo6,roll_potato
ugm2bChsFys10,roll_potato
4kiViS0bgNE8,roll_potato
kCW-9syBIZo7,roll_potato
V8vUYMFH2-I5,roll_potato
kCW-9syBIZo8,roll_potato
y24wB7UUMhU6,roll_potato
d8obFkc12iQ7,roll_potato
d8obFkc12iQ8,roll_potato
9m8AdQmnCbY16,roll_potato
vVlVl6duuzs8,roll_potato
s2LuWXgjXuA8,roll_potato
9m8AdQmnCbY17,roll_potato
RcZ7Sx-H1co14,roll_potato
OcwlaJrwoQ00,measure_pizza
z_G67pOSfew0,measure_pizza
z_G67pOSfew1,measure_pizza
EUi_b4mhQPQ0,measure_pizza
EUi_b4mhQPQ1,measure_pizza
z_G67pOSfew2,measure_pizza
EUi_b4mhQPQ2,measure_pizza
EUi_b4mhQPQ3,measure_pizza
8zE_UnIS_4E0,deseed_pepper
5-HRup3txno0,deseed_pepper
8zE_UnIS_4E1,deseed_pepper
041fmM-iVms0,deseed_pepper
5-HRup3txno1,deseed_pepper
8zE_UnIS_4E2,deseed_pepper
dOj4bWosXoI0,deseed_pepper
8zE_UnIS_4E3,deseed_pepper
pt3sy8Mtj140,deseed_pepper
iqexWU7VyhM0,wash_coconut
BczNmawH5mU0,wash_coconut
eVqyh3rfRB80,wash_coconut
iqexWU7VyhM1,wash_coconut
4u2Vp6zEbuU0,wash_coconut
W59sdkbJjB40,wash_coconut
4u2Vp6zEbuU1,wash_coconut
D8KCobW7OwU0,wash_coconut
4u2Vp6zEbuU2,wash_coconut
4u2Vp6zEbuU3,wash_coconut
eVqyh3rfRB81,wash_coconut
D8KCobW7OwU1,wash_coconut
iqexWU7VyhM2,wash_coconut
4u2Vp6zEbuU4,wash_coconut
ej-9ylnpJlY0,wash_coconut
eVqyh3rfRB82,wash_coconut
4u2Vp6zEbuU5,wash_coconut
D8KCobW7OwU2,wash_coconut
ZziozzTPNBs0,weigh_tomato
B8pglPaQ9780,weigh_tomato
ZziozzTPNBs1,weigh_tomato
B8pglPaQ9781,weigh_tomato
B8pglPaQ9782,weigh_tomato
ZziozzTPNBs2,weigh_tomato
B8pglPaQ9783,weigh_tomato
ZziozzTPNBs3,weigh_tomato
B8pglPaQ9784,weigh_tomato
ZziozzTPNBs4,weigh_tomato
B8pglPaQ9785,weigh_tomato
B8pglPaQ9786,weigh_tomato
B8pglPaQ9787,weigh_tomato
B8pglPaQ9788,weigh_tomato
B8pglPaQ9789,weigh_tomato
ZziozzTPNBs5,weigh_tomato
B8pglPaQ97810,weigh_tomato
ZziozzTPNBs6,weigh_tomato
ZziozzTPNBs7,weigh_tomato
B8pglPaQ97811,weigh_tomato
B8pglPaQ97812,weigh_tomato
B8pglPaQ97813,weigh_tomato
ZziozzTPNBs8,weigh_tomato
B8pglPaQ97814,weigh_tomato
B8pglPaQ97815,weigh_tomato
ZziozzTPNBs9,weigh_tomato
B8pglPaQ97816,weigh_tomato
ZziozzTPNBs10,weigh_tomato
ZziozzTPNBs11,weigh_tomato
ZziozzTPNBs12,weigh_tomato
B8pglPaQ97817,weigh_tomato
B8pglPaQ97818,weigh_tomato
ZziozzTPNBs13,weigh_tomato
B8pglPaQ97819,weigh_tomato
ZziozzTPNBs14,weigh_tomato
B8pglPaQ97820,weigh_tomato
ZziozzTPNBs15,weigh_tomato
ZziozzTPNBs16,weigh_tomato
ZziozzTPNBs17,weigh_tomato
ZziozzTPNBs18,weigh_tomato
B8pglPaQ97821,weigh_tomato
ZziozzTPNBs19,weigh_tomato
ZziozzTPNBs20,weigh_tomato
B8pglPaQ97822,weigh_tomato
B8pglPaQ97823,weigh_tomato
ZziozzTPNBs21,weigh_tomato
jPKypQHfGZg0,weigh_tomato
jPKypQHfGZg1,weigh_tomato
IkQG0ByVgmc0,weigh_tomato
lTTp-W_X3CM0,weigh_tomato
jPKypQHfGZg2,weigh_tomato
lTTp-W_X3CM1,weigh_tomato
IkQG0ByVgmc1,weigh_tomato
lTTp-W_X3CM2,weigh_tomato
lTTp-W_X3CM3,weigh_tomato
lTTp-W_X3CM4,weigh_tomato
jPKypQHfGZg3,weigh_tomato
jPKypQHfGZg4,weigh_tomato
lTTp-W_X3CM5,weigh_tomato
lTTp-W_X3CM6,weigh_tomato
lTTp-W_X3CM7,weigh_tomato
SsCX5UVu2yg0,cut_chair
RDjk8LZOZ5w0,cut_chair
SsCX5UVu2yg1,cut_chair
SsCX5UVu2yg2,cut_chair
hyivkAqTpCk0,cut_chair
iGmba7i5wjw0,cut_chair
nLbndtTf2Ew0,cut_chair
nLbndtTf2Ew1,cut_chair
iGmba7i5wjw1,cut_chair
iGmba7i5wjw2,cut_chair
nLbndtTf2Ew2,cut_chair
SsCX5UVu2yg3,cut_chair
RDjk8LZOZ5w1,cut_chair
iGmba7i5wjw3,cut_chair
SsCX5UVu2yg4,cut_chair
nLbndtTf2Ew3,cut_chair
nLbndtTf2Ew4,cut_chair
nLbndtTf2Ew5,cut_chair
nLbndtTf2Ew6,cut_chair
nLbndtTf2Ew7,cut_chair
nLbndtTf2Ew8,cut_chair
Ox-Ivi7MGGY0,cut_chair
Ox-Ivi7MGGY1,cut_chair
Ox-Ivi7MGGY2,cut_chair
Ox-Ivi7MGGY3,cut_chair
Ox-Ivi7MGGY4,cut_chair
DT2kfiISJTg0,shake_tree
BJaFHIo2NB00,shake_tree
D2Arz-mCuFw0,shake_tree
DT2kfiISJTg1,shake_tree
DT2kfiISJTg2,shake_tree
Pn3rSLJGgF00,shake_tree
BJaFHIo2NB01,shake_tree
DW5z8hrannI0,shake_tree
D5IA_AxA7Mk0,shake_tree
Pn3rSLJGgF01,shake_tree
DW5z8hrannI1,shake_tree
D5IA_AxA7Mk1,shake_tree
DW5z8hrannI2,shake_tree
D5IA_AxA7Mk2,shake_tree
D2Arz-mCuFw1,shake_tree
D2Arz-mCuFw2,shake_tree
BJaFHIo2NB02,shake_tree
DT2kfiISJTg3,shake_tree
DW5z8hrannI3,shake_tree
Pn3rSLJGgF02,shake_tree
ovjtEVbtPCo0,shake_table
QT9OjViyb-A0,shake_table
_AbUIbH-Als0,shake_table
kwMGhyDDWco0,shake_table
ovjtEVbtPCo1,shake_table
ovjtEVbtPCo2,shake_table
hSwjkG3nv1c0,shake_table
6HgxiYBkh3U0,shake_table
ovjtEVbtPCo3,shake_table
kwMGhyDDWco1,shake_table
6HgxiYBkh3U1,shake_table
Y7kKcIsBKDo0,shake_table
QT9OjViyb-A1,shake_table
UMzsVicg0CQ0,shake_table
6HgxiYBkh3U2,shake_table
6HgxiYBkh3U3,shake_table
UMzsVicg0CQ1,shake_table
6HgxiYBkh3U4,shake_table
hSwjkG3nv1c1,shake_table
QT9OjViyb-A2,shake_table
kwMGhyDDWco2,shake_table
ovjtEVbtPCo4,shake_table
kwMGhyDDWco3,shake_table
kwMGhyDDWco4,shake_table
kwMGhyDDWco5,shake_table
kwMGhyDDWco6,shake_table
kwMGhyDDWco7,shake_table
hSwjkG3nv1c2,shake_table
ovjtEVbtPCo5,shake_table
a1NFSpKURsg0,throw_flower
lX9msYbru5I0,throw_flower
SL8zjzMQmV40,throw_flower
SL8zjzMQmV41,throw_flower
8qI0EMnjlzY0,throw_flower
a1NFSpKURsg1,throw_flower
SL8zjzMQmV42,throw_flower
a1NFSpKURsg2,throw_flower
8qI0EMnjlzY1,throw_flower
a1NFSpKURsg3,throw_flower
SL8zjzMQmV43,throw_flower
lX9msYbru5I1,throw_flower
XFC_yLB4E4I0,throw_flower
a1NFSpKURsg4,throw_flower
lX9msYbru5I2,throw_flower
ug97PMtpy_c0,throw_flower
lX9msYbru5I3,throw_flower
tlTpU5B56js0,roll_carrot
wb_6k3_6Z7k0,roll_carrot
INl5pviBOVk0,roll_carrot
R2j6MeG2rTE0,roll_carrot
INl5pviBOVk1,roll_carrot
wb_6k3_6Z7k1,roll_carrot
R2j6MeG2rTE1,roll_carrot
tlTpU5B56js1,roll_carrot
wb_6k3_6Z7k2,roll_carrot
kSIpFO9Eu4A0,roll_carrot
INl5pviBOVk2,roll_carrot
wb_6k3_6Z7k3,roll_carrot
R2j6MeG2rTE2,roll_carrot
ZgMAIoW1tZ00,roll_carrot
wb_6k3_6Z7k4,roll_carrot
ZgMAIoW1tZ01,roll_carrot
tlTpU5B56js2,roll_carrot
wb_6k3_6Z7k5,roll_carrot
wb_6k3_6Z7k6,roll_carrot
Lmj8jLJBcxY0,roll_carrot
ZgMAIoW1tZ02,roll_carrot
wb_6k3_6Z7k7,roll_carrot
INl5pviBOVk3,roll_carrot
INl5pviBOVk4,roll_carrot
ZgMAIoW1tZ03,roll_carrot
wb_6k3_6Z7k8,roll_carrot
tlTpU5B56js3,roll_carrot
Lmj8jLJBcxY1,roll_carrot
tlTpU5B56js4,roll_carrot
wb_6k3_6Z7k9,roll_carrot
INl5pviBOVk5,roll_carrot
R2j6MeG2rTE3,roll_carrot
ZgMAIoW1tZ04,roll_carrot
wb_6k3_6Z7k10,roll_carrot
kF_2ZYdrpwc0,roll_carrot
4MisPAAhpNg0,roll_carrot
ZgMAIoW1tZ05,roll_carrot
INl5pviBOVk6,roll_carrot
ZgMAIoW1tZ06,roll_carrot
ZgMAIoW1tZ07,roll_carrot
ZgMAIoW1tZ08,roll_carrot
kF_2ZYdrpwc1,roll_carrot
kSIpFO9Eu4A1,roll_carrot
INl5pviBOVk7,roll_carrot
ZgMAIoW1tZ09,roll_carrot
R2j6MeG2rTE4,roll_carrot
ZgMAIoW1tZ010,roll_carrot
INl5pviBOVk8,roll_carrot
kF_2ZYdrpwc2,roll_carrot
Lmj8jLJBcxY2,roll_carrot
ZgMAIoW1tZ011,roll_carrot
2_nR3KiOyNU0,roll_carrot
p2c2d82vn-Y0,roll_carrot
pIQBOISKJGE0,unplug_phone
07ROfkLF_eE0,unplug_phone
Ip8fBV20i7o0,unplug_phone
07ROfkLF_eE1,unplug_phone
07ROfkLF_eE2,unplug_phone
cMllrzpThb40,unplug_phone
Ip8fBV20i7o1,unplug_phone
cMllrzpThb41,unplug_phone
07ROfkLF_eE3,unplug_phone
BZx5Tz_A7mg0,unplug_phone
07ROfkLF_eE4,unplug_phone
cMllrzpThb42,unplug_phone
07ROfkLF_eE5,unplug_phone
Ip8fBV20i7o2,unplug_phone
rEz4bl_g17M0,unplug_phone
cMllrzpThb43,unplug_phone
cMllrzpThb44,unplug_phone
Ip8fBV20i7o3,unplug_phone
07ROfkLF_eE6,unplug_phone
vEx9zP5ThD80,unplug_phone
07ROfkLF_eE7,unplug_phone
07ROfkLF_eE8,unplug_phone
rEz4bl_g17M1,unplug_phone
cMllrzpThb45,unplug_phone
07ROfkLF_eE9,unplug_phone
BZx5Tz_A7mg1,unplug_phone
pIQBOISKJGE1,unplug_phone
A9NBnWtwPjI0,unplug_phone
rEz4bl_g17M2,unplug_phone
jLpj_a8HBzM0,move_tree
jLpj_a8HBzM1,move_tree
VAn1x7gKrHA0,move_tree
Nf2W5JEsRXk0,move_tree
VAn1x7gKrHA1,move_tree
VAn1x7gKrHA2,move_tree
DAY4YhJF2IE0,move_tree
VAn1x7gKrHA3,move_tree
VAn1x7gKrHA4,move_tree
jLpj_a8HBzM2,move_tree
jUdV9J1PL940,weigh_pumpkin
cl0cce775Kk0,weigh_pumpkin
Wjp7kFYsups0,weigh_pumpkin
Y60odUoKHVo0,weigh_pumpkin
3nmUuE2039o0,weigh_pumpkin
m7-Gh2TbpG00,weigh_pumpkin
3nmUuE2039o1,weigh_pumpkin
3nmUuE2039o2,weigh_pumpkin
3nmUuE2039o3,weigh_pumpkin
Y60odUoKHVo1,weigh_pumpkin
DeGcU3TVP1w0,weigh_pumpkin
Y60odUoKHVo2,weigh_pumpkin
jUdV9J1PL941,weigh_pumpkin
m7-Gh2TbpG01,weigh_pumpkin
jUdV9J1PL942,weigh_pumpkin
DeGcU3TVP1w1,weigh_pumpkin
jUdV9J1PL943,weigh_pumpkin
DeGcU3TVP1w2,weigh_pumpkin
jUdV9J1PL944,weigh_pumpkin
Y60odUoKHVo3,weigh_pumpkin
2sjn_Vn0ZlE0,weigh_pumpkin
Y60odUoKHVo4,weigh_pumpkin
sZkB73MtxyQ0,wash_fridge
tbZtayilfqI0,wash_fridge
EZ2YVPRYMlw0,wash_fridge
hX1oGXa6JmM0,wash_fridge
tbZtayilfqI1,wash_fridge
tbZtayilfqI2,wash_fridge
sZkB73MtxyQ1,wash_fridge
tbZtayilfqI3,wash_fridge
hX1oGXa6JmM1,wash_fridge
tbZtayilfqI4,wash_fridge
tbZtayilfqI5,wash_fridge
pu-FetcOyb80,wash_fridge
hX1oGXa6JmM2,wash_fridge
sZkB73MtxyQ2,wash_fridge
sZkB73MtxyQ3,wash_fridge
oNaWjCtuDdE0,wash_fridge
oNaWjCtuDdE1,wash_fridge
oNaWjCtuDdE2,wash_fridge
PGzTulYFe2k0,wash_fridge
PGzTulYFe2k1,wash_fridge
PGzTulYFe2k2,wash_fridge
PGzTulYFe2k3,wash_fridge
PGzTulYFe2k4,wash_fridge
PGzTulYFe2k5,wash_fridge
PGzTulYFe2k6,wash_fridge
CqWOyiGyxPo0,cut_coconut
xKWc9dS-v-Q0,cut_coconut
xKWc9dS-v-Q1,cut_coconut
kNGAxDIN1Tw0,cut_coconut
_omVbArsalg0,cut_coconut
_omVbArsalg1,cut_coconut
RbKuKAGphTk0,cut_coconut
_omVbArsalg2,cut_coconut
-k_CO1mZHu40,cut_coconut
uYRFa36TepE0,cut_coconut
RbKuKAGphTk1,cut_coconut
9qTXSg-1IRE0,cut_coconut
xKWc9dS-v-Q2,cut_coconut
xKWc9dS-v-Q3,cut_coconut
-k_CO1mZHu41,cut_coconut
xKWc9dS-v-Q4,cut_coconut
9qTXSg-1IRE1,cut_coconut
RbKuKAGphTk2,cut_coconut
9qTXSg-1IRE2,cut_coconut
RbKuKAGphTk3,cut_coconut
RbKuKAGphTk4,cut_coconut
kNGAxDIN1Tw1,cut_coconut
kNGAxDIN1Tw2,cut_coconut
_omVbArsalg3,cut_coconut
CqWOyiGyxPo1,cut_coconut
kNGAxDIN1Tw3,cut_coconut
CqWOyiGyxPo2,cut_coconut
9qTXSg-1IRE3,cut_coconut
RbKuKAGphTk5,cut_coconut
RbKuKAGphTk6,cut_coconut
CqWOyiGyxPo3,cut_coconut
-k_CO1mZHu42,cut_coconut
RbKuKAGphTk7,cut_coconut
uYRFa36TepE1,cut_coconut
pkEJHwAma4A0,shake_potato
IX5T-ZmeEu40,shake_potato
VgtUFXs2INY0,shake_potato
Abuv-HDteE40,shake_potato
lejdvdQwFaM0,shake_potato
lejdvdQwFaM1,shake_potato
pkEJHwAma4A1,shake_potato
cb0mfztK9Oo0,shake_potato
Abuv-HDteE41,shake_potato
pkEJHwAma4A2,shake_potato
Abuv-HDteE42,shake_potato
lejdvdQwFaM2,shake_potato
58cbCtiqkOE0,shake_potato
IX5T-ZmeEu41,shake_potato
VgtUFXs2INY1,shake_potato
VgtUFXs2INY2,shake_potato
VgtUFXs2INY3,shake_potato
Abuv-HDteE43,shake_potato
58cbCtiqkOE1,shake_potato
5Dlqvb4UkaU0,drink_egg
OWkgxFBGIQM0,drink_egg
Vcc5oJYbHYs0,drink_egg
CySNFSve2es0,drink_egg
OWkgxFBGIQM1,drink_egg
CySNFSve2es1,drink_egg
OWkgxFBGIQM2,drink_egg
5Dlqvb4UkaU1,drink_egg
CySNFSve2es2,drink_egg
rEaSFdKWSGs0,drink_egg
CySNFSve2es3,drink_egg
5Dlqvb4UkaU2,drink_egg
ZVBKb_nCsCw0,drink_egg
rEaSFdKWSGs1,drink_egg
OWkgxFBGIQM3,drink_egg
CySNFSve2es4,drink_egg
rEaSFdKWSGs2,drink_egg
5Dlqvb4UkaU3,drink_egg
Vcc5oJYbHYs1,drink_egg
CySNFSve2es5,drink_egg
ZVBKb_nCsCw1,drink_egg
5Dlqvb4UkaU4,drink_egg
ZVBKb_nCsCw2,drink_egg
ZVBKb_nCsCw3,drink_egg
ZVBKb_nCsCw4,drink_egg
_kf5h4whCcM0,peel_coconut
aZhGU1-J8_E0,peel_coconut
aZhGU1-J8_E1,peel_coconut
f3NPcdHyiBU0,peel_coconut
BtnCCSGQgJA0,peel_coconut
zXOPUXb1th80,peel_coconut
zXOPUXb1th81,peel_coconut
zXOPUXb1th82,peel_coconut
BtnCCSGQgJA1,peel_coconut
ncjMge3IFCs0,peel_coconut
aZhGU1-J8_E2,peel_coconut
f3NPcdHyiBU1,peel_coconut
PvNbmFinbrk0,peel_coconut
PvNbmFinbrk1,peel_coconut
xOYBsNLoqFk0,peel_coconut
SD439g7zFP00,peel_coconut
BtnCCSGQgJA2,peel_coconut
h5a5UHN5CL80,peel_coconut
xOYBsNLoqFk1,peel_coconut
f3NPcdHyiBU2,peel_coconut
BtnCCSGQgJA3,peel_coconut
f3NPcdHyiBU3,peel_coconut
PvNbmFinbrk2,peel_coconut
aZhGU1-J8_E3,peel_coconut
PvNbmFinbrk3,peel_coconut
f3NPcdHyiBU4,peel_coconut
BtnCCSGQgJA4,peel_coconut
zXOPUXb1th83,peel_coconut
h5a5UHN5CL81,peel_coconut
zXOPUXb1th84,peel_coconut
BtnCCSGQgJA5,peel_coconut
PvNbmFinbrk4,peel_coconut
SD439g7zFP01,peel_coconut
xOYBsNLoqFk2,peel_coconut
_kf5h4whCcM1,peel_coconut
f3NPcdHyiBU5,peel_coconut
SD439g7zFP02,peel_coconut
PvNbmFinbrk5,peel_coconut
BtnCCSGQgJA6,peel_coconut
xOYBsNLoqFk3,peel_coconut
ncjMge3IFCs1,peel_coconut
ncjMge3IFCs2,peel_coconut
BtnCCSGQgJA7,peel_coconut
xOYBsNLoqFk4,peel_coconut
zXOPUXb1th85,peel_coconut
SD439g7zFP03,peel_coconut
aZhGU1-J8_E4,peel_coconut
ncjMge3IFCs3,peel_coconut
h5a5UHN5CL82,peel_coconut
ncjMge3IFCs4,peel_coconut
BtnCCSGQgJA8,peel_coconut
zXOPUXb1th86,peel_coconut
PvNbmFinbrk6,peel_coconut
PvNbmFinbrk7,peel_coconut
zXOPUXb1th87,peel_coconut
ncjMge3IFCs5,peel_coconut
zXOPUXb1th88,peel_coconut
xOYBsNLoqFk5,peel_coconut
f3NPcdHyiBU6,peel_coconut
zXOPUXb1th89,peel_coconut
f3NPcdHyiBU7,peel_coconut
BtnCCSGQgJA9,peel_coconut
k-BfPJvoYlg0,roll_banana
NRtg41fHzHY0,roll_banana
0w9U2ICnRnY0,roll_banana
NRtg41fHzHY1,roll_banana
Nmf1Euq9LbY0,roll_banana
Nmf1Euq9LbY1,roll_banana
9VA24y9X1hs0,roll_banana
7kgMDB7wRIM0,roll_banana
0w9U2ICnRnY1,roll_banana
0w9U2ICnRnY2,roll_banana
Nmf1Euq9LbY2,roll_banana
7kgMDB7wRIM1,roll_banana
7kgMDB7wRIM2,roll_banana
7kgMDB7wRIM3,roll_banana
Nmf1Euq9LbY3,roll_banana
NRtg41fHzHY2,roll_banana
NRtg41fHzHY3,roll_banana
k-BfPJvoYlg1,roll_banana
k-BfPJvoYlg2,roll_banana
0w9U2ICnRnY3,roll_banana
0w9U2ICnRnY4,roll_banana
YtlM2-J803c0,roll_banana
0w9U2ICnRnY5,roll_banana
NRtg41fHzHY4,roll_banana
YtlM2-J803c1,roll_banana
2JguyCXaxR00,roll_banana
Nmf1Euq9LbY4,roll_banana
NRtg41fHzHY5,roll_banana
NRtg41fHzHY6,roll_banana
YtlM2-J803c2,roll_banana
YtlM2-J803c3,roll_banana
0w9U2ICnRnY6,roll_banana
YtlM2-J803c4,roll_banana
Nmf1Euq9LbY5,roll_banana
YtlM2-J803c5,roll_banana
Nmf1Euq9LbY6,roll_banana
qT6b-9AE6wQ0,roll_banana
2JguyCXaxR01,roll_banana
Nmf1Euq9LbY7,roll_banana
Nmf1Euq9LbY8,roll_banana
9VA24y9X1hs1,roll_banana
0w9U2ICnRnY7,roll_banana
YtlM2-J803c6,roll_banana
9VA24y9X1hs2,roll_banana
HmDiZnNFrcE0,cut_pumpkin
JCO_9bwo6VA0,cut_pumpkin
YAGrPiPshH00,cut_pumpkin
Yp6GqPNiKIo0,cut_pumpkin
YAGrPiPshH01,cut_pumpkin
JCO_9bwo6VA1,cut_pumpkin
YAGrPiPshH02,cut_pumpkin
YAGrPiPshH03,cut_pumpkin
YAGrPiPshH04,cut_pumpkin
DwU8qk1nEqA0,cut_pumpkin
YAGrPiPshH05,cut_pumpkin
HmDiZnNFrcE1,cut_pumpkin
D7QLhQP8YBw0,cut_pumpkin
YAGrPiPshH06,cut_pumpkin
YAGrPiPshH07,cut_pumpkin
JCO_9bwo6VA2,cut_pumpkin
bc4PE_8XWvc0,cut_pumpkin
JCO_9bwo6VA3,cut_pumpkin
DwU8qk1nEqA1,cut_pumpkin
YAGrPiPshH08,cut_pumpkin
YAGrPiPshH09,cut_pumpkin
xWxYu9sy_aQ0,throw_apple
WSmJ1qZiXfQ0,throw_apple
xWxYu9sy_aQ1,throw_apple
WSmJ1qZiXfQ1,throw_apple
xWxYu9sy_aQ2,throw_apple
hF8R87HPECI0,throw_apple
WSmJ1qZiXfQ2,throw_apple
xWxYu9sy_aQ3,throw_apple
xWxYu9sy_aQ4,throw_apple
kl8if9zZOMw0,throw_apple
WSmJ1qZiXfQ3,throw_apple
PDl-MM25r7A0,throw_apple
_5YesRqExrw0,hammer_phone
Jfd4tibHAaM0,hammer_phone
qKhCnoIDdJs0,hammer_phone
R9IuLgx1vWg0,hammer_phone
Jfd4tibHAaM1,hammer_phone
Jfd4tibHAaM2,hammer_phone
Jfd4tibHAaM3,hammer_phone
Jfd4tibHAaM4,hammer_phone
Jfd4tibHAaM5,hammer_phone
R9IuLgx1vWg1,hammer_phone
Jfd4tibHAaM6,hammer_phone
qKhCnoIDdJs1,hammer_phone
qKhCnoIDdJs2,hammer_phone
Jfd4tibHAaM7,hammer_phone
rono0n9S9Ck0,hammer_phone
Jfd4tibHAaM8,hammer_phone
qKhCnoIDdJs3,hammer_phone
rono0n9S9Ck1,hammer_phone
qKhCnoIDdJs4,hammer_phone
qKhCnoIDdJs5,hammer_phone
WbcM1D8rDpA0,hammer_phone
HOvMdA5Xh4I0,hammer_phone
_5YesRqExrw1,hammer_phone
Jfd4tibHAaM9,hammer_phone
qKhCnoIDdJs6,hammer_phone
HOvMdA5Xh4I1,hammer_phone
qKhCnoIDdJs7,hammer_phone
qKhCnoIDdJs8,hammer_phone
_5YesRqExrw2,hammer_phone
rono0n9S9Ck2,hammer_phone
eqAq_FLMaVo0,hammer_phone
R9IuLgx1vWg2,hammer_phone
qKhCnoIDdJs9,hammer_phone
qKhCnoIDdJs10,hammer_phone
rono0n9S9Ck3,hammer_phone
e5TPe9cjHNQ0,wash_door
e5TPe9cjHNQ1,wash_door
kuRB-edR8zc0,wash_door
_DF_J7NCZw00,wash_door
_DF_J7NCZw01,wash_door
_K0t_I_vT3Y0,wash_door
kuRB-edR8zc1,wash_door
_K0t_I_vT3Y1,wash_door
_K0t_I_vT3Y2,wash_door
vauqe23tWUI0,wash_door
vauqe23tWUI1,wash_door
e5TPe9cjHNQ2,wash_door
kuRB-edR8zc2,wash_door
kuRB-edR8zc3,wash_door
e5TPe9cjHNQ3,wash_door
Jpin6iO2Fck0,wash_door
kuRB-edR8zc4,wash_door
kuRB-edR8zc5,wash_door
kuRB-edR8zc6,wash_door
pcgMx01seoQ0,wash_door
pcgMx01seoQ1,wash_door
e5TPe9cjHNQ4,wash_door
_K0t_I_vT3Y3,wash_door
_DF_J7NCZw02,wash_door
pcgMx01seoQ2,wash_door
Jpin6iO2Fck1,wash_door
_DF_J7NCZw03,wash_door
_K0t_I_vT3Y4,wash_door
Jpin6iO2Fck2,wash_door
e5TPe9cjHNQ5,wash_door
e5TPe9cjHNQ6,wash_door
e5TPe9cjHNQ7,wash_door
_K0t_I_vT3Y5,wash_door
e5TPe9cjHNQ8,wash_door
vauqe23tWUI2,wash_door
pcgMx01seoQ3,wash_door
_DF_J7NCZw04,wash_door
_DF_J7NCZw05,wash_door
pcgMx01seoQ4,wash_door
_DF_J7NCZw06,wash_door
Jpin6iO2Fck3,wash_door
e5TPe9cjHNQ9,wash_door
e5TPe9cjHNQ10,wash_door
Jpin6iO2Fck4,wash_door
_DF_J7NCZw07,wash_door
7uWUnTTd1EI0,drop_fridge
7uWUnTTd1EI1,drop_fridge
ZKFwXrte3mA0,drop_fridge
rX7HSNT-isQ0,drop_fridge
gPWEjaWjRQY0,drop_fridge
7uWUnTTd1EI2,drop_fridge
7uWUnTTd1EI3,drop_fridge
gPWEjaWjRQY1,drop_fridge
7uWUnTTd1EI4,drop_fridge
rX7HSNT-isQ1,drop_fridge
gPWEjaWjRQY2,drop_fridge
gPWEjaWjRQY3,drop_fridge
7uWUnTTd1EI5,drop_fridge
7uWUnTTd1EI6,drop_fridge
7uWUnTTd1EI7,drop_fridge
gPWEjaWjRQY4,drop_fridge
gPWEjaWjRQY5,drop_fridge
ytHSaoxgbvk0,drop_fridge
ytHSaoxgbvk1,drop_fridge
gPWEjaWjRQY6,drop_fridge
gPWEjaWjRQY7,drop_fridge
GoKloZ28kVQ0,drop_fridge
YhU77e8Zjt80,shake_hair
rC7_gpQ2Uvk0,shake_hair
U33B5izUYVM0,shake_hair
lOwPbeRakQM0,shake_hair
YhU77e8Zjt81,shake_hair
rC7_gpQ2Uvk1,shake_hair
-tmkmQBMEH80,shake_hair
U33B5izUYVM1,shake_hair
YhU77e8Zjt82,shake_hair
-tmkmQBMEH81,shake_hair
YhU77e8Zjt83,shake_hair
U33B5izUYVM2,shake_hair
YhU77e8Zjt84,shake_hair
YhU77e8Zjt85,shake_hair
-tmkmQBMEH82,shake_hair
lOwPbeRakQM1,shake_hair
YhU77e8Zjt86,shake_hair
YhU77e8Zjt87,shake_hair
YhU77e8Zjt88,shake_hair
U33B5izUYVM3,shake_hair
rC7_gpQ2Uvk2,shake_hair
lOwPbeRakQM2,shake_hair
u7kdntYf4FQ0,shake_hair
lOwPbeRakQM3,shake_hair
rC7_gpQ2Uvk3,shake_hair
Upl2AOeZh6c0,shake_hair
rC7_gpQ2Uvk4,shake_hair
Upl2AOeZh6c1,shake_hair
u7kdntYf4FQ1,shake_hair
IVnm_G00aGI0,shake_hair
Upl2AOeZh6c2,shake_hair
lOwPbeRakQM4,shake_hair
6BUPiNgLjvI0,spray_chair
DdUHxR_m2FA0,spray_chair
AB276WF6HEY0,spray_chair
AB276WF6HEY1,spray_chair
hNhFlkNzg9Y0,spray_chair
6BUPiNgLjvI1,spray_chair
AB276WF6HEY2,spray_chair
MAgLzSDf2OM0,spray_chair
6BUPiNgLjvI2,spray_chair
MAgLzSDf2OM1,spray_chair
hNhFlkNzg9Y1,spray_chair
6BUPiNgLjvI3,spray_chair
hNhFlkNzg9Y2,spray_chair
MAgLzSDf2OM2,spray_chair
hNhFlkNzg9Y3,spray_chair
EFVxiu42vMo0,spray_chair
MAgLzSDf2OM3,spray_chair
IjdE70OVl_M0,spray_chair
AB276WF6HEY3,spray_chair
hNhFlkNzg9Y4,spray_chair
IjdE70OVl_M1,spray_chair
MAgLzSDf2OM4,spray_chair
hNhFlkNzg9Y5,spray_chair
tePUVL-kOJ00,spray_chair
MAgLzSDf2OM5,spray_chair
DdUHxR_m2FA1,spray_chair
EFVxiu42vMo1,spray_chair
UudvO6y1jUw0,spray_chair
k_m4SLg0eTA0,spray_chair
k_m4SLg0eTA1,spray_chair
UudvO6y1jUw1,spray_chair
UudvO6y1jUw2,spray_chair
Jp-o1RoagLY0,close_fridge
_1qBiUrN2aE0,close_fridge
Jp-o1RoagLY1,close_fridge
834sSnDSUmM0,close_fridge
KSTCmIOJdZI0,close_fridge
834sSnDSUmM1,close_fridge
H5sUKWiUEec0,close_fridge
Jp-o1RoagLY2,close_fridge
ESGETDNtitU0,close_fridge
Jp-o1RoagLY3,close_fridge
H5sUKWiUEec1,close_fridge
Jp-o1RoagLY4,close_fridge
PfDuz11ancM0,close_fridge
834sSnDSUmM2,close_fridge
834sSnDSUmM3,close_fridge
H5sUKWiUEec2,close_fridge
PfDuz11ancM1,close_fridge
Jp-o1RoagLY5,close_fridge
Jp-o1RoagLY6,close_fridge
834sSnDSUmM4,close_fridge
PfDuz11ancM2,close_fridge
_1qBiUrN2aE1,close_fridge
H5sUKWiUEec3,close_fridge
H5sUKWiUEec4,close_fridge
Jp-o1RoagLY7,close_fridge
H5sUKWiUEec5,close_fridge
PfDuz11ancM3,close_fridge
H5sUKWiUEec6,close_fridge
PfDuz11ancM4,close_fridge
834sSnDSUmM5,close_fridge
H5sUKWiUEec7,close_fridge
_1qBiUrN2aE2,close_fridge
_1qBiUrN2aE3,close_fridge
_1qBiUrN2aE4,close_fridge
_1qBiUrN2aE5,close_fridge
_1qBiUrN2aE6,close_fridge
_1qBiUrN2aE7,close_fridge
_1qBiUrN2aE8,close_fridge
Sjnd9mPSZnQ0,throw_phone
d1acyrTM2eU0,throw_phone
d1acyrTM2eU1,throw_phone
d1acyrTM2eU2,throw_phone
d1acyrTM2eU3,throw_phone
d1acyrTM2eU4,throw_phone
Sjnd9mPSZnQ1,throw_phone
Sjnd9mPSZnQ2,throw_phone
PWXhcUyxnLw0,wash_blender
w2WMp6f59hw0,wash_blender
PWXhcUyxnLw1,wash_blender
A9nWUE2XvnI0,wash_blender
A9nWUE2XvnI1,wash_blender
5HURl8PeQcY0,wash_blender
5HURl8PeQcY1,wash_blender
A9nWUE2XvnI2,wash_blender
5K7A9Og88Q00,wash_blender
yjHoNMnq8XI0,wash_blender
5HURl8PeQcY2,wash_blender
tiLIn7boSLU0,wash_blender
I8sXXwDoQYw0,wash_blender
I8sXXwDoQYw1,wash_blender
I8sXXwDoQYw2,wash_blender
UY06zCeJJfI0,wash_cucumber
THrn-rfRyLc0,wash_cucumber
U1I6bjDPTpQ0,wash_cucumber
xlE3WNHFJKQ0,wash_cucumber
THrn-rfRyLc1,wash_cucumber
THrn-rfRyLc2,wash_cucumber
THrn-rfRyLc3,wash_cucumber
6iXUzTn9lTM0,wash_cucumber
UY06zCeJJfI1,wash_cucumber
U1I6bjDPTpQ1,wash_cucumber
3DKA44UUBLs0,wash_cucumber
xlE3WNHFJKQ1,wash_cucumber
81c97dPaq0M0,wash_cucumber
6iXUzTn9lTM1,wash_cucumber
w-Nx6VdioMc0,wash_cucumber
6iXUzTn9lTM2,wash_cucumber
xlE3WNHFJKQ2,wash_cucumber
3DKA44UUBLs1,wash_cucumber
UY06zCeJJfI2,wash_cucumber
U1I6bjDPTpQ2,wash_cucumber
U1I6bjDPTpQ3,wash_cucumber
3DKA44UUBLs2,wash_cucumber
s5HAJn-doIg0,wash_cucumber
THrn-rfRyLc4,wash_cucumber
THrn-rfRyLc5,wash_cucumber
xlE3WNHFJKQ3,wash_cucumber
THrn-rfRyLc6,wash_cucumber
s5HAJn-doIg1,wash_cucumber
3DKA44UUBLs3,wash_cucumber
THrn-rfRyLc7,wash_cucumber
THrn-rfRyLc8,wash_cucumber
3DKA44UUBLs4,wash_cucumber
nTIg0Cctuz80,wash_rock
TiQFwSBcTK80,wash_rock
IGrqK9sknUE0,wash_rock
TiQFwSBcTK81,wash_rock
ngjuZP35cbQ0,wash_rock
ngjuZP35cbQ1,wash_rock
TiQFwSBcTK82,wash_rock
_-IBFaJQbsY0,wash_rock
TiQFwSBcTK83,wash_rock
ngjuZP35cbQ2,wash_rock
TiQFwSBcTK84,wash_rock
IGrqK9sknUE1,wash_rock
3dqHNZc7Hdg0,wash_rock
ngjuZP35cbQ3,wash_rock
3dqHNZc7Hdg1,wash_rock
3dqHNZc7Hdg2,wash_rock
3dqHNZc7Hdg3,wash_rock
3dqHNZc7Hdg4,wash_rock
fiuQwzbTYSw0,wash_rock
WgMhdo8ApL80,wash_rock
K2e906bk1Uk0,wash_rock
WgMhdo8ApL81,wash_rock
WgMhdo8ApL82,wash_rock
WgMhdo8ApL83,wash_rock
K2e906bk1Uk1,wash_rock
WgMhdo8ApL84,wash_rock
ZKJsNyvgarE0,wash_rock
WgMhdo8ApL85,wash_rock
WgMhdo8ApL86,wash_rock
WgMhdo8ApL87,wash_rock
WgMhdo8ApL88,wash_rock
WgMhdo8ApL89,wash_rock
K2e906bk1Uk2,wash_rock
ZKJsNyvgarE1,wash_rock
deomA0CGAZw0,move_fridge
Jp-o1RoagLY8,move_fridge
Jp-o1RoagLY9,move_fridge
deomA0CGAZw1,move_fridge
WyQ7LNhRVzI0,move_fridge
CRJMOUbDnMg0,move_fridge
Jp-o1RoagLY10,move_fridge
ESGETDNtitU1,move_fridge
WyQ7LNhRVzI1,move_fridge
Jp-o1RoagLY11,move_fridge
qj-fJ7MAgCA0,move_fridge
CRJMOUbDnMg1,move_fridge
Jp-o1RoagLY12,move_fridge
deomA0CGAZw2,move_fridge
CRJMOUbDnMg2,move_fridge
CRJMOUbDnMg3,move_fridge
deomA0CGAZw3,move_fridge
lBSIbXU-5d00,move_fridge
lBSIbXU-5d01,move_fridge
QELdZy8pBUg0,shake_door
cSl6PT0AyI00,shake_door
3fKz5FkH3F40,shake_door
YrprweCBN2o0,shake_door
QELdZy8pBUg1,shake_door
cSl6PT0AyI01,shake_door
heOpygpqeSY0,shake_door
3fKz5FkH3F41,shake_door
i_EOu8P3KE40,shake_door
i_EOu8P3KE41,shake_door
WMN7ypsbD100,shake_door
YrprweCBN2o1,shake_door
3fKz5FkH3F42,shake_door
heOpygpqeSY1,shake_door
3fKz5FkH3F43,shake_door
WMN7ypsbD101,shake_door
3fKz5FkH3F44,shake_door
cSl6PT0AyI02,shake_door
i_EOu8P3KE42,shake_door
3fKz5FkH3F45,shake_door
3fKz5FkH3F46,shake_door
WMN7ypsbD102,shake_door
3fKz5FkH3F47,shake_door
WMN7ypsbD103,shake_door
3fKz5FkH3F48,shake_door
Y85-CAraKaA0,spray_door
4XigYZX-9040,spray_door
4XigYZX-9041,spray_door
l2H8z66zyMM0,spray_door
YmNPxgcSFwA0,spray_door
4XigYZX-9042,spray_door
4XigYZX-9043,spray_door
YmNPxgcSFwA1,spray_door
Y85-CAraKaA1,spray_door
vL3pHUelw280,spray_door
IMaKP6aBh4c0,spray_door
IMaKP6aBh4c1,spray_door
t3p2Uoitmys0,spray_door
t3p2Uoitmys1,spray_door
4XigYZX-9044,spray_door
4XigYZX-9045,spray_door
UXgn4IeeuqQ0,spray_door
4XigYZX-9046,spray_door
IMaKP6aBh4c2,spray_door
t3p2Uoitmys2,spray_door
IMaKP6aBh4c3,spray_door
IMaKP6aBh4c4,spray_door
IBogErlXgh00,spray_door
t3p2Uoitmys3,spray_door
t3p2Uoitmys4,spray_door
t3p2Uoitmys5,spray_door
IBogErlXgh01,spray_door
4XigYZX-9047,spray_door
UXgn4IeeuqQ1,spray_door
t3p2Uoitmys6,spray_door
5hhk_fUC8h00,shake_lemon
KBxfrTftTLU0,shake_lemon
MtHsG_X5_Wk0,shake_lemon
LNF4beoGIbk0,shake_lemon
laJd9Uov9H00,shake_lemon
laJd9Uov9H01,shake_lemon
LNF4beoGIbk1,shake_lemon
KBxfrTftTLU1,shake_lemon
laJd9Uov9H02,shake_lemon
laJd9Uov9H03,shake_lemon
laJd9Uov9H04,shake_lemon
laJd9Uov9H05,shake_lemon
hssbkINUuII0,shake_lemon
hssbkINUuII1,shake_lemon
laJd9Uov9H06,shake_lemon
hssbkINUuII2,shake_lemon
hssbkINUuII3,shake_lemon
hssbkINUuII4,shake_lemon
laJd9Uov9H07,shake_lemon
7mldxcvjUzY0,deseed_tomato
1NuAaixvAb00,deseed_tomato
cMMyLA2YML00,deseed_tomato
7mldxcvjUzY1,deseed_tomato
1NuAaixvAb01,deseed_tomato
cMMyLA2YML01,deseed_tomato
cMMyLA2YML02,deseed_tomato
CnCQLcu6w1g0,deseed_tomato
1NuAaixvAb02,deseed_tomato
GmeMtJxAomM0,deseed_tomato
7mldxcvjUzY2,deseed_tomato
CnCQLcu6w1g1,deseed_tomato
CnCQLcu6w1g2,deseed_tomato
cMMyLA2YML03,deseed_tomato
cMMyLA2YML04,deseed_tomato
GmeMtJxAomM1,deseed_tomato
7mldxcvjUzY3,deseed_tomato
CnCQLcu6w1g3,deseed_tomato
CnCQLcu6w1g4,deseed_tomato
cMMyLA2YML05,deseed_tomato
CnCQLcu6w1g5,deseed_tomato
CnCQLcu6w1g6,deseed_tomato
GmeMtJxAomM2,deseed_tomato
7mldxcvjUzY4,deseed_tomato
cMMyLA2YML06,deseed_tomato
7mldxcvjUzY5,deseed_tomato
cMMyLA2YML07,deseed_tomato
7mldxcvjUzY6,deseed_tomato
7mldxcvjUzY7,deseed_tomato
GmeMtJxAomM3,deseed_tomato
7mldxcvjUzY8,deseed_tomato
7mldxcvjUzY9,deseed_tomato
7mldxcvjUzY10,deseed_tomato
7mldxcvjUzY11,deseed_tomato
1NuAaixvAb03,deseed_tomato
7mldxcvjUzY12,deseed_tomato
7mldxcvjUzY13,deseed_tomato
7mldxcvjUzY14,deseed_tomato
PNU0Z-N3pHQ0,wash_pepper
Lnu1qMFAzmw0,wash_pepper
6q9p8AHYfMg0,wash_pepper
PNU0Z-N3pHQ1,wash_pepper
simtju9T-bU0,wash_pepper
6q9p8AHYfMg1,wash_pepper
6q9p8AHYfMg2,wash_pepper
simtju9T-bU1,wash_pepper
LS1SQaG51yI0,wash_pepper
simtju9T-bU2,wash_pepper
Lnu1qMFAzmw1,wash_pepper
Lnu1qMFAzmw2,wash_pepper
PNU0Z-N3pHQ2,wash_pepper
6q9p8AHYfMg3,wash_pepper
PNU0Z-N3pHQ3,wash_pepper
simtju9T-bU3,wash_pepper
6q9p8AHYfMg4,wash_pepper
LS1SQaG51yI1,wash_pepper
6q9p8AHYfMg5,wash_pepper
iHUTyS4qutc0,wash_pepper
simtju9T-bU4,wash_pepper
simtju9T-bU5,wash_pepper
6q9p8AHYfMg6,wash_pepper
simtju9T-bU6,wash_pepper
FFHvfCxv7Iw0,wash_pepper
Lnu1qMFAzmw3,wash_pepper
simtju9T-bU7,wash_pepper
simtju9T-bU8,wash_pepper
LS1SQaG51yI2,wash_pepper
simtju9T-bU9,wash_pepper
simtju9T-bU10,wash_pepper
FFHvfCxv7Iw1,wash_pepper
Lnu1qMFAzmw4,wash_pepper
simtju9T-bU11,wash_pepper
simtju9T-bU12,wash_pepper
simtju9T-bU13,wash_pepper
simtju9T-bU14,wash_pepper
simtju9T-bU15,wash_pepper
simtju9T-bU16,wash_pepper
PNU0Z-N3pHQ4,wash_pepper
jl5IWkGSfJY0,measure_fridge
BClthZVx8lU0,measure_fridge
BClthZVx8lU1,measure_fridge
CRJMOUbDnMg4,measure_fridge
-0-btIM0E280,measure_fridge
B2E6cLIJmiM0,measure_fridge
D6f7MPi0Vvg0,measure_fridge
jl5IWkGSfJY1,measure_fridge
CRJMOUbDnMg5,measure_fridge
BClthZVx8lU2,measure_fridge
-0-btIM0E281,measure_fridge
B2E6cLIJmiM1,measure_fridge
D6f7MPi0Vvg1,measure_fridge
B2E6cLIJmiM2,measure_fridge
BClthZVx8lU3,measure_fridge
D6f7MPi0Vvg2,measure_fridge
-0-btIM0E282,measure_fridge
B2E6cLIJmiM3,measure_fridge
-0-btIM0E283,measure_fridge
BClthZVx8lU4,measure_fridge
jl5IWkGSfJY2,measure_fridge
VoL3hY0__ro0,measure_fridge
BClthZVx8lU5,measure_fridge
-0-btIM0E284,measure_fridge
jl5IWkGSfJY3,measure_fridge
-0-btIM0E285,measure_fridge
jl5IWkGSfJY4,measure_fridge
-0-btIM0E286,measure_fridge
VoL3hY0__ro1,measure_fridge
D6f7MPi0Vvg3,measure_fridge
D6f7MPi0Vvg4,measure_fridge
jl5IWkGSfJY5,measure_fridge
D6f7MPi0Vvg5,measure_fridge
BClthZVx8lU6,measure_fridge
BClthZVx8lU7,measure_fridge
BClthZVx8lU8,measure_fridge
jl5IWkGSfJY6,measure_fridge
BClthZVx8lU9,measure_fridge
BClthZVx8lU10,measure_fridge
jl5IWkGSfJY7,measure_fridge
BClthZVx8lU11,measure_fridge
VoL3hY0__ro2,measure_fridge
D6f7MPi0Vvg6,measure_fridge
jl5IWkGSfJY8,measure_fridge
BClthZVx8lU12,measure_fridge
BClthZVx8lU13,measure_fridge
jl5IWkGSfJY9,measure_fridge
VoL3hY0__ro3,measure_fridge
jl5IWkGSfJY10,measure_fridge
CRJMOUbDnMg6,measure_fridge
SeqlyK9SCKQ0,measure_fridge
vQdgNpCFlOM0,measure_fridge
M5pvw9ChMik0,measure_fridge
tlAZtz1nUxA0,measure_fridge
vQdgNpCFlOM1,measure_fridge
M5pvw9ChMik1,measure_fridge
vQdgNpCFlOM2,measure_fridge
vQdgNpCFlOM3,measure_fridge
M5pvw9ChMik2,measure_fridge
tlAZtz1nUxA1,measure_fridge
M5pvw9ChMik3,measure_fridge
SeqlyK9SCKQ1,measure_fridge
M5pvw9ChMik4,measure_fridge
HlPnGkFetcs0,wash_tomato
8OyitswIpFo0,wash_tomato
8OyitswIpFo1,wash_tomato
boOO4gFjLgE0,wash_tomato
boOO4gFjLgE1,wash_tomato
boOO4gFjLgE2,wash_tomato
sDn4i-nGG_w0,wash_tomato
W7ZQZIAuh0M0,wash_tomato
sDn4i-nGG_w1,wash_tomato
fdGX0ZDqaIM0,wash_tomato
fdGX0ZDqaIM1,wash_tomato
fdGX0ZDqaIM2,wash_tomato
8OyitswIpFo2,wash_tomato
8OyitswIpFo3,wash_tomato
sDn4i-nGG_w2,wash_tomato
W7ZQZIAuh0M1,wash_tomato
sDn4i-nGG_w3,wash_tomato
8OyitswIpFo4,wash_tomato
boOO4gFjLgE3,wash_tomato
boOO4gFjLgE4,wash_tomato
fdGX0ZDqaIM3,wash_tomato
8OyitswIpFo5,wash_tomato
fdGX0ZDqaIM4,wash_tomato
8OyitswIpFo6,wash_tomato
fdGX0ZDqaIM5,wash_tomato
8OyitswIpFo7,wash_tomato
boOO4gFjLgE5,wash_tomato
8OyitswIpFo8,wash_tomato
1ijBtQ5y3pw0,wash_window
P3Qanob6u_M0,wash_window
TYKnvXapauI0,wash_window
P3Qanob6u_M1,wash_window
1ijBtQ5y3pw1,wash_window
TYKnvXapauI1,wash_window
1ijBtQ5y3pw2,wash_window
P3Qanob6u_M2,wash_window
P3Qanob6u_M3,wash_window
mm3HipKztPk0,wash_window
KKUHAdD2MjQ0,wash_window
mm3HipKztPk1,wash_window
P3Qanob6u_M4,wash_window
TYKnvXapauI2,wash_window
mm3HipKztPk2,wash_window
KKUHAdD2MjQ1,wash_window
1ijBtQ5y3pw3,wash_window
mm3HipKztPk3,wash_window
1ijBtQ5y3pw4,wash_window
P3Qanob6u_M5,wash_window
Dk3DiAp2yAU0,wash_window
AsjddwZ8Ujg0,wash_window
mm3HipKztPk4,wash_window
AsjddwZ8Ujg1,wash_window
KKUHAdD2MjQ2,wash_window
TYKnvXapauI3,wash_window
AsjddwZ8Ujg2,wash_window
mm3HipKztPk5,wash_window
mm3HipKztPk6,wash_window
TYKnvXapauI4,wash_window
TYKnvXapauI5,wash_window
mm3HipKztPk7,wash_window
Dk3DiAp2yAU1,wash_window
TYKnvXapauI6,wash_window
Dk3DiAp2yAU2,wash_window
KKUHAdD2MjQ3,wash_window
AsjddwZ8Ujg3,wash_window
TYKnvXapauI7,wash_window
TYKnvXapauI8,wash_window
TYKnvXapauI9,wash_window
mm3HipKztPk8,wash_window
TYKnvXapauI10,wash_window
Dk3DiAp2yAU3,wash_window
aW44a3rKuT00,wash_window
mm3HipKztPk9,wash_window
mm3HipKztPk10,wash_window
TYKnvXapauI11,wash_window
AsjddwZ8Ujg4,wash_window
mds1TtfMEyA0,measure_hair
vu3AK7zAw7o0,measure_hair
gH84uWZFxsM0,measure_hair
HpJvlrTCzaI0,measure_hair
vu3AK7zAw7o1,measure_hair
vu3AK7zAw7o2,measure_hair
mds1TtfMEyA1,measure_hair
FAJebxwuX0A0,measure_hair
mds1TtfMEyA2,measure_hair
gH84uWZFxsM1,measure_hair
vu3AK7zAw7o3,measure_hair
gH84uWZFxsM2,measure_hair
mds1TtfMEyA3,measure_hair
vu3AK7zAw7o4,measure_hair
HpJvlrTCzaI1,measure_hair
19YNrzW4Fzk0,measure_hair
vu3AK7zAw7o5,measure_hair
Wu2-GS5M6BU0,measure_hair
19YNrzW4Fzk1,measure_hair
gH84uWZFxsM3,measure_hair
gH84uWZFxsM4,measure_hair
gH84uWZFxsM5,measure_hair
HpJvlrTCzaI2,measure_hair
vu3AK7zAw7o6,measure_hair
FAJebxwuX0A1,measure_hair
vu3AK7zAw7o7,measure_hair
gH84uWZFxsM6,measure_hair
mds1TtfMEyA4,measure_hair
vu3AK7zAw7o8,measure_hair
vu3AK7zAw7o9,measure_hair
vu3AK7zAw7o10,measure_hair
vu3AK7zAw7o11,measure_hair
vu3AK7zAw7o12,measure_hair
HhPuUMQ8KAg0,measure_flower
OnrjUjItE0s0,measure_flower
HhPuUMQ8KAg1,measure_flower
1-GbI-y1BWk0,measure_flower
P3vtMEDmZC80,measure_flower
hk97qlTYqm80,measure_flower
hk97qlTYqm81,measure_flower
P3vtMEDmZC81,measure_flower
P3vtMEDmZC82,measure_flower
P3vtMEDmZC83,measure_flower
TBcectKprI80,measure_flower
FgPFvDTufhA0,measure_flower
P3vtMEDmZC84,measure_flower
OnrjUjItE0s1,measure_flower
J7z9fRjZ1ng0,measure_flower
1-GbI-y1BWk1,measure_flower
P3vtMEDmZC85,measure_flower
HhPuUMQ8KAg2,measure_flower
J7z9fRjZ1ng1,measure_flower
OnrjUjItE0s2,measure_flower
J7z9fRjZ1ng2,measure_flower
HhPuUMQ8KAg3,measure_flower
TBcectKprI81,measure_flower
TBcectKprI82,measure_flower
1-GbI-y1BWk2,measure_flower
1-GbI-y1BWk3,measure_flower
OnrjUjItE0s3,measure_flower
TBcectKprI83,measure_flower
OnrjUjItE0s4,measure_flower
FgPFvDTufhA1,measure_flower
1-GbI-y1BWk4,measure_flower
TBcectKprI84,measure_flower
OnrjUjItE0s5,measure_flower
P3vtMEDmZC86,measure_flower
HhPuUMQ8KAg4,measure_flower
HhPuUMQ8KAg5,measure_flower
jgrfDs2lJxA0,blend_phone
jgrfDs2lJxA1,blend_phone
_feLHla9o0I0,blend_phone
_feLHla9o0I1,blend_phone
Mv3UYxe5uF00,blend_phone
_feLHla9o0I2,blend_phone
wlgeHoW6KBE0,blend_phone
Mv3UYxe5uF01,blend_phone
_feLHla9o0I3,blend_phone
_feLHla9o0I4,blend_phone
wlgeHoW6KBE1,blend_phone
wlgeHoW6KBE2,blend_phone
Mv3UYxe5uF02,blend_phone
wlgeHoW6KBE3,blend_phone
wlgeHoW6KBE4,blend_phone
Mv3UYxe5uF03,blend_phone
wlgeHoW6KBE5,blend_phone
wlgeHoW6KBE6,blend_phone
_feLHla9o0I5,blend_phone
wlgeHoW6KBE7,blend_phone
wlgeHoW6KBE8,blend_phone
_feLHla9o0I6,blend_phone
jgrfDs2lJxA2,blend_phone
_feLHla9o0I7,blend_phone
Mv3UYxe5uF04,blend_phone
jgrfDs2lJxA3,blend_phone
_feLHla9o0I8,blend_phone
wlgeHoW6KBE9,blend_phone
_feLHla9o0I9,blend_phone
_feLHla9o0I10,blend_phone
jgrfDs2lJxA4,blend_phone
adFJHues1_Y0,wash_apple
kYx3PXNgl5I0,wash_apple
NAwXkU1PBZE0,wash_apple
sXtswVlbtAA0,wash_apple
s3S6hd4bXCA0,wash_apple
adFJHues1_Y1,wash_apple
8mHapMhibX40,wash_apple
8mHapMhibX41,wash_apple
sXtswVlbtAA1,wash_apple
adFJHues1_Y2,wash_apple
NAwXkU1PBZE1,wash_apple
G5IE7GEdrpo0,wash_apple
G5IE7GEdrpo1,wash_apple
s3S6hd4bXCA1,wash_apple
kYx3PXNgl5I1,wash_apple
s3S6hd4bXCA2,wash_apple
s3S6hd4bXCA3,wash_apple
8mHapMhibX42,wash_apple
vcA1pChbhkI0,wash_apple
kYx3PXNgl5I2,wash_apple
adFJHues1_Y3,wash_apple
NAwXkU1PBZE2,wash_apple
adFJHues1_Y4,wash_apple
kYx3PXNgl5I3,wash_apple
NAwXkU1PBZE3,wash_apple
s4eYIv2jtOg0,wash_apple
vcA1pChbhkI1,wash_apple
s4eYIv2jtOg1,wash_apple
NAwXkU1PBZE4,wash_apple
sXtswVlbtAA2,wash_apple
NAwXkU1PBZE5,wash_apple
kYx3PXNgl5I4,wash_apple
LS9Su2cr95o0,wash_apple
s4eYIv2jtOg2,wash_apple
NAwXkU1PBZE6,wash_apple
NAwXkU1PBZE7,wash_apple
kYx3PXNgl5I5,wash_apple
pepfLU40HGA0,spray_cup
AFlB9xQWoSY0,spray_cup
pepfLU40HGA1,spray_cup
Qvf-MEibR2s0,spray_cup
rCEia8BsjTs0,spray_cup
PQl07h1mxAg0,spray_cup
PQl07h1mxAg1,spray_cup
7OvBOAAb8j80,spray_cup
AFlB9xQWoSY1,spray_cup
Qvf-MEibR2s1,spray_cup
PQl07h1mxAg2,spray_cup
7OvBOAAb8j81,spray_cup
RNV3mNI-kqA0,spray_cup
rCEia8BsjTs1,spray_cup
Qvf-MEibR2s2,spray_cup
Qvf-MEibR2s3,spray_cup
rCEia8BsjTs2,spray_cup
PQl07h1mxAg3,spray_cup
pepfLU40HGA2,spray_cup
pepfLU40HGA3,spray_cup
PQl07h1mxAg4,spray_cup
RNV3mNI-kqA1,spray_cup
PQl07h1mxAg5,spray_cup
Eq6hU6dOFmw0,spray_cup
Qvf-MEibR2s4,spray_cup
pepfLU40HGA4,spray_cup
7OvBOAAb8j82,spray_cup
PQl07h1mxAg6,spray_cup
x2J7JYIDK8A0,spray_cup
Qvf-MEibR2s5,spray_cup
pepfLU40HGA5,spray_cup
7OvBOAAb8j83,spray_cup
rCEia8BsjTs3,spray_cup
x2J7JYIDK8A1,spray_cup
x2J7JYIDK8A2,spray_cup
PQl07h1mxAg7,spray_cup
RNV3mNI-kqA2,spray_cup
x2J7JYIDK8A3,spray_cup
Qvf-MEibR2s6,spray_cup
pepfLU40HGA6,spray_cup
RNV3mNI-kqA3,spray_cup
x2J7JYIDK8A4,spray_cup
AFlB9xQWoSY2,spray_cup
x2J7JYIDK8A5,spray_cup
Eq6hU6dOFmw1,spray_cup
RNV3mNI-kqA4,spray_cup
pepfLU40HGA7,spray_cup
fY0RY8_RxSE0,spray_cup
fY0RY8_RxSE1,spray_cup
t7mMXzZo5rU0,unplug_fridge
t7mMXzZo5rU1,unplug_fridge
t7mMXzZo5rU2,unplug_fridge
BYHdrC35Dx00,unplug_fridge
BYHdrC35Dx01,unplug_fridge
t7mMXzZo5rU3,unplug_fridge
rL8iUfZpO0k0,unplug_fridge
BYHdrC35Dx02,unplug_fridge
rL8iUfZpO0k1,unplug_fridge
CjCQr2l_eLA0,cut_towel
-VOpTWzqM5A0,cut_towel
a51yE1fZDb00,cut_towel
SHVFcwgqTpM0,cut_towel
A1bq6kQ4rvg0,cut_towel
7lVCxkcyJjY0,cut_towel
7lVCxkcyJjY1,cut_towel
CdI2pFC1MeY0,cut_towel
7lVCxkcyJjY2,cut_towel
a51yE1fZDb01,cut_towel
7lVCxkcyJjY3,cut_towel
CdI2pFC1MeY1,cut_towel
a51yE1fZDb02,cut_towel
CdI2pFC1MeY2,cut_towel
7lVCxkcyJjY4,cut_towel
a51yE1fZDb03,cut_towel
ixAYY5dQhMQ0,cut_towel
GSvpl1yiMGg0,cut_towel
17XBniqMfJc0,cut_towel
mTp8PZIPKUE0,wash_potato
niip72mOlkI0,wash_potato
esT7FKsIuD00,wash_potato
mTp8PZIPKUE1,wash_potato
j87ce6W23jc0,wash_potato
j87ce6W23jc1,wash_potato
mTp8PZIPKUE2,wash_potato
niip72mOlkI1,wash_potato
j87ce6W23jc2,wash_potato
j87ce6W23jc3,wash_potato
esT7FKsIuD01,wash_potato
j87ce6W23jc4,wash_potato
j87ce6W23jc5,wash_potato
ZnDmpMECF7c0,wash_potato
j87ce6W23jc6,wash_potato
j87ce6W23jc7,wash_potato
mTp8PZIPKUE3,wash_potato
mTp8PZIPKUE4,wash_potato
j87ce6W23jc8,wash_potato
esT7FKsIuD02,wash_potato
esT7FKsIuD03,wash_potato
j87ce6W23jc9,wash_potato
mTp8PZIPKUE5,wash_potato
pjiU75FvHMs0,wash_potato
A_Nq_tjawhE0,wash_potato
ZnDmpMECF7c1,wash_potato
niip72mOlkI2,wash_potato
j87ce6W23jc10,wash_potato
esT7FKsIuD04,wash_potato
j87ce6W23jc11,wash_potato
niip72mOlkI3,wash_potato
niip72mOlkI4,wash_potato
esT7FKsIuD05,wash_potato
j87ce6W23jc12,wash_potato
esT7FKsIuD06,wash_potato
j87ce6W23jc13,wash_potato
esT7FKsIuD07,wash_potato
pLnAT7VYx6o0,wash_potato
QXngIMg72cw0,throw_orange
QXngIMg72cw1,throw_orange
cvlNf-iP-2s0,throw_orange
QXngIMg72cw2,throw_orange
4nh63RqsjDQ0,throw_orange
4nh63RqsjDQ1,throw_orange
Tv0xBk2aw700,open_blender
ezjiBzQsn_Y0,open_blender
ezjiBzQsn_Y1,open_blender
ezjiBzQsn_Y2,open_blender
oLsVipV3L0M0,open_blender
CG5fbgkeCyU0,open_blender
oi313V6-Ze80,open_blender
ezjiBzQsn_Y3,open_blender
oi313V6-Ze81,open_blender
ezjiBzQsn_Y4,open_blender
ovRWKyF5nNY0,open_blender
mTpgu-b2vv40,open_blender
oi313V6-Ze82,open_blender
ovRWKyF5nNY1,open_blender
CG5fbgkeCyU1,open_blender
oi313V6-Ze83,open_blender
ovRWKyF5nNY2,open_blender
ovRWKyF5nNY3,open_blender
ezjiBzQsn_Y5,open_blender
ZzE9_ymzeR40,open_blender
ZzE9_ymzeR41,open_blender
mTpgu-b2vv41,open_blender
tt_8E8Ya5DA0,open_blender
NQ51KI5LEI00,shake_clothe
pFNOCAYJtr40,shake_clothe
8iwmdq_clSQ0,shake_clothe
8ONSC0Wk2ds0,shake_clothe
muo-CLmYN100,shake_clothe
muo-CLmYN101,shake_clothe
muo-CLmYN102,shake_clothe
89f6yuGDA4c0,shake_clothe
8iwmdq_clSQ1,shake_clothe
8ONSC0Wk2ds1,shake_clothe
NQ51KI5LEI01,shake_clothe
iGS-HgK_Zt40,shake_clothe
pFNOCAYJtr41,shake_clothe
NQ51KI5LEI02,shake_clothe
muo-CLmYN103,shake_clothe
8iwmdq_clSQ2,shake_clothe
NQ51KI5LEI03,shake_clothe
8ONSC0Wk2ds2,shake_clothe
NQ51KI5LEI04,shake_clothe
8iwmdq_clSQ3,shake_clothe
8iwmdq_clSQ4,shake_clothe
89f6yuGDA4c1,shake_clothe
8iwmdq_clSQ5,shake_clothe
EQOjkCKLkEU0,throw_cookie
6QgDnu6BV840,throw_cookie
EQOjkCKLkEU1,throw_cookie
EQOjkCKLkEU2,throw_cookie
EQOjkCKLkEU3,throw_cookie
sd0o9YFDNgw0,throw_cookie
6QgDnu6BV841,throw_cookie
EQOjkCKLkEU4,throw_cookie
reHTwCCAWNE0,throw_cookie
f_MFUkNwulc0,move_towel
M04XMPlE5ms0,move_towel
Va51VVv3_xk0,move_towel
f_MFUkNwulc1,move_towel
f_MFUkNwulc2,move_towel
f_MFUkNwulc3,move_towel
x_N08oF_GKA0,move_towel
f_MFUkNwulc4,move_towel
f_MFUkNwulc5,move_towel
M04XMPlE5ms1,move_towel
x_N08oF_GKA1,move_towel
f_MFUkNwulc6,move_towel
f_MFUkNwulc7,move_towel
x_N08oF_GKA2,move_towel
M04XMPlE5ms2,move_towel
x_N08oF_GKA3,move_towel
Yxkqw75P-WA0,move_towel
x_N08oF_GKA4,move_towel
BPxBoun5zak0,measure_microwave
3O-DzSJuIVw0,measure_microwave
BPxBoun5zak1,measure_microwave
BPxBoun5zak2,measure_microwave
MaYLQYtHfTI0,measure_microwave
MaYLQYtHfTI1,measure_microwave
mzPPftM78JA0,measure_microwave
-GnXUVhv_F00,measure_microwave
MaYLQYtHfTI2,measure_microwave
-GnXUVhv_F01,measure_microwave
3O-DzSJuIVw1,measure_microwave
BPxBoun5zak3,measure_microwave
MaYLQYtHfTI3,measure_microwave
MaYLQYtHfTI4,measure_microwave
mzPPftM78JA1,measure_microwave
3O-DzSJuIVw2,measure_microwave
-GnXUVhv_F02,measure_microwave
BPxBoun5zak4,measure_microwave
BPxBoun5zak5,measure_microwave
BPxBoun5zak6,measure_microwave
BPxBoun5zak7,measure_microwave
BPxBoun5zak8,measure_microwave
3O-DzSJuIVw3,measure_microwave
FLkGPnpks1Y0,wash_microwave
_ke7eL1a5VI0,wash_microwave
UqY2aE_wZYE0,wash_microwave
FLkGPnpks1Y1,wash_microwave
bMMshkhcIKA0,wash_microwave
Z9KpJL89itE0,wash_microwave
_ke7eL1a5VI1,wash_microwave
Z9KpJL89itE1,wash_microwave
Z9KpJL89itE2,wash_microwave
Z9KpJL89itE3,wash_microwave
_ke7eL1a5VI2,wash_microwave
_ke7eL1a5VI3,wash_microwave
ZaZgLxX-7MY0,wash_microwave
d9Nt8M7YiJo0,wash_microwave
ZaZgLxX-7MY1,wash_microwave
ZaZgLxX-7MY2,wash_microwave
ZaZgLxX-7MY3,wash_microwave
d9Nt8M7YiJo1,wash_microwave
d9Nt8M7YiJo2,wash_microwave
ZaZgLxX-7MY4,wash_microwave
d9Nt8M7YiJo3,wash_microwave
ZaZgLxX-7MY5,wash_microwave
d9Nt8M7YiJo4,wash_microwave
ZaZgLxX-7MY6,wash_microwave
ZaZgLxX-7MY7,wash_microwave
ZaZgLxX-7MY8,wash_microwave
ZaZgLxX-7MY9,wash_microwave
d9Nt8M7YiJo5,wash_microwave
ZaZgLxX-7MY10,wash_microwave
ZaZgLxX-7MY11,wash_microwave
mBz-_9EFKrA0,spray_table
RON01V4rqLo0,spray_table
NMv9nND_Eu00,spray_table
VxHbozbLvNE0,spray_table
NMv9nND_Eu01,spray_table
Hj1buihXUTM0,spray_table
RON01V4rqLo1,spray_table
NMv9nND_Eu02,spray_table
NMv9nND_Eu03,spray_table
NMv9nND_Eu04,spray_table
IEMubFdMJj40,spray_table
dTSaWZ276T00,throw_spoon
dTSaWZ276T01,throw_spoon
dTSaWZ276T02,throw_spoon
dTSaWZ276T03,throw_spoon
dTSaWZ276T04,throw_spoon
N6tuOi9rITw0,wash_oven
Vs5d8vPheUM0,wash_oven
N6tuOi9rITw1,wash_oven
N6tuOi9rITw2,wash_oven
Vs5d8vPheUM1,wash_oven
QBVVbauEuJw0,wash_oven
N6tuOi9rITw3,wash_oven
nz4JsUDxtEg0,wash_oven
Vs5d8vPheUM2,wash_oven
Vs5d8vPheUM3,wash_oven
N6tuOi9rITw4,wash_oven
N6tuOi9rITw5,wash_oven
nz4JsUDxtEg1,wash_oven
Vs5d8vPheUM4,wash_oven
CjzDaAl5YOI0,wash_oven
nz4JsUDxtEg2,wash_oven
QBVVbauEuJw1,wash_oven
CjzDaAl5YOI1,wash_oven
nz4JsUDxtEg3,wash_oven
Vs5d8vPheUM5,wash_oven
JBCezHEF5zQ0,wash_oven
q7VedcgPRuE0,wash_oven
N6tuOi9rITw6,wash_oven
CjzDaAl5YOI2,wash_oven
N6tuOi9rITw7,wash_oven
JBCezHEF5zQ1,wash_oven
q7VedcgPRuE1,wash_oven
N6tuOi9rITw8,wash_oven
JBCezHEF5zQ2,wash_oven
QBVVbauEuJw2,wash_oven
nz4JsUDxtEg4,wash_oven
CjzDaAl5YOI3,wash_oven
JBCezHEF5zQ3,wash_oven
CjzDaAl5YOI4,wash_oven
SeaBGYiRYo80,microwave_phone
wU6IO6x12yE0,microwave_phone
SeaBGYiRYo81,microwave_phone
SeaBGYiRYo82,microwave_phone
Hij7mKDTu6k0,microwave_phone
wU6IO6x12yE1,microwave_phone
_ZTCADNKr6c0,microwave_phone
SeaBGYiRYo83,microwave_phone
Hij7mKDTu6k1,microwave_phone
SeaBGYiRYo84,microwave_phone
BKPtX5XAnps0,microwave_phone
_ZTCADNKr6c1,microwave_phone
_ZTCADNKr6c2,microwave_phone
wU6IO6x12yE2,microwave_phone
r5v5xilCiEY0,microwave_phone
r5v5xilCiEY1,microwave_phone
r5v5xilCiEY2,microwave_phone
SeaBGYiRYo85,microwave_phone
SeaBGYiRYo86,microwave_phone
wU6IO6x12yE3,microwave_phone
wU6IO6x12yE4,microwave_phone
BKPtX5XAnps1,microwave_phone
Fgx3B5h3qso0,roll_shirt
63E93QAQ3g40,roll_shirt
63E93QAQ3g41,roll_shirt
63E93QAQ3g42,roll_shirt
Fgx3B5h3qso1,roll_shirt
63E93QAQ3g43,roll_shirt
Fgx3B5h3qso2,roll_shirt
Fgx3B5h3qso3,roll_shirt
63E93QAQ3g44,roll_shirt
63E93QAQ3g45,roll_shirt
K8Yzm0D3mJE0,drink_chocolate
R3kim_g6fg80,drink_chocolate
5KRb3jwuflw0,drink_chocolate
R3kim_g6fg81,drink_chocolate
5KRb3jwuflw1,drink_chocolate
R3kim_g6fg82,drink_chocolate
hlEa13wUW840,drink_chocolate
R3kim_g6fg83,drink_chocolate
R3kim_g6fg84,drink_chocolate
5KRb3jwuflw2,drink_chocolate
R3kim_g6fg85,drink_chocolate
_xgbNTOBS340,drink_chocolate
K8Yzm0D3mJE1,drink_chocolate
5KRb3jwuflw3,drink_chocolate
5KRb3jwuflw4,drink_chocolate
5KRb3jwuflw5,drink_chocolate
5KRb3jwuflw6,drink_chocolate
HJie_tDL5Lc0,drink_chocolate
KkQf5HxQgUs0,drink_chocolate
WpEx7SvTtlM0,measure_chair
bTjdGJ6Mq3w0,measure_chair
vAo53BiIEPE0,measure_chair
vAo53BiIEPE1,measure_chair
MwoQhUjdm6w0,measure_chair
MwoQhUjdm6w1,measure_chair
ws1qT_58CBE0,measure_chair
MwoQhUjdm6w2,measure_chair
bTjdGJ6Mq3w1,measure_chair
vAo53BiIEPE2,measure_chair
MwoQhUjdm6w3,measure_chair
MwoQhUjdm6w4,measure_chair
MwoQhUjdm6w5,measure_chair
IHf0JkY0h4U0,measure_chair
WpEx7SvTtlM1,measure_chair
bTjdGJ6Mq3w2,measure_chair
bTjdGJ6Mq3w3,measure_chair
vAo53BiIEPE3,measure_chair
kQ3qboYRAIM0,measure_chair
vAo53BiIEPE4,measure_chair
vAo53BiIEPE5,measure_chair
MwoQhUjdm6w6,measure_chair
bTjdGJ6Mq3w4,measure_chair
bTjdGJ6Mq3w5,measure_chair
WpEx7SvTtlM2,measure_chair
ckAn6oT5J1E0,measure_bacon
VSJjd0IhtKo0,wash_towel
iEccRpM8CYc0,wash_towel
kGVlHDEQQR40,wash_towel
VSJjd0IhtKo1,wash_towel
VSJjd0IhtKo2,wash_towel
VSJjd0IhtKo3,wash_towel
k23siLlT7MY0,wash_towel
k23siLlT7MY1,wash_towel
k23siLlT7MY2,wash_towel
6SWgmmHS1mw0,wash_towel
6SWgmmHS1mw1,wash_towel
6SWgmmHS1mw2,wash_towel
6SWgmmHS1mw3,wash_towel
6SWgmmHS1mw4,wash_towel
6SWgmmHS1mw5,wash_towel
6SWgmmHS1mw6,wash_towel
6SWgmmHS1mw7,wash_towel
6SWgmmHS1mw8,wash_towel
6SWgmmHS1mw9,wash_towel
6SWgmmHS1mw10,wash_towel
6SWgmmHS1mw11,wash_towel
6SWgmmHS1mw12,wash_towel
6SWgmmHS1mw13,wash_towel
6SWgmmHS1mw14,wash_towel
CW3SXh6a-WY0,close_microwave
fMXj-YyzZlE0,wash_chair
fMXj-YyzZlE1,wash_chair
L6JalMdtKRQ0,wash_chair
g-iPy8pddRI0,wash_chair
fMXj-YyzZlE2,wash_chair
_5CgRVlfv6A0,wash_chair
_5CgRVlfv6A1,wash_chair
g-iPy8pddRI1,wash_chair
kk4BMUuiBHE0,wash_chair
R8-GFapkLmc0,wash_chair
R8-GFapkLmc1,wash_chair
bNXchpFtwaM0,wash_chair
kk4BMUuiBHE1,wash_chair
kk4BMUuiBHE2,wash_chair
kk4BMUuiBHE3,wash_chair
bNXchpFtwaM1,wash_chair
bNXchpFtwaM2,wash_chair
kk4BMUuiBHE4,wash_chair
bNXchpFtwaM3,wash_chair
R8-GFapkLmc2,wash_chair
R8-GFapkLmc3,wash_chair
aI09x5dzexU0,wash_chair
bNXchpFtwaM4,wash_chair
aI09x5dzexU1,wash_chair
kk4BMUuiBHE5,wash_chair
kk4BMUuiBHE6,wash_chair
R8-GFapkLmc4,wash_chair
aI09x5dzexU2,wash_chair
kk4BMUuiBHE7,wash_chair
R8-GFapkLmc5,wash_chair
kk4BMUuiBHE8,wash_chair
R8-GFapkLmc6,wash_chair
R8-GFapkLmc7,wash_chair
aI09x5dzexU3,wash_chair
R8-GFapkLmc8,wash_chair
kk4BMUuiBHE9,wash_chair
bNXchpFtwaM5,wash_chair
kk4BMUuiBHE10,wash_chair
bNXchpFtwaM6,wash_chair
R8-GFapkLmc9,wash_chair
R8-GFapkLmc10,wash_chair
kk4BMUuiBHE11,wash_chair
kk4BMUuiBHE12,wash_chair
R8-GFapkLmc11,wash_chair
bNXchpFtwaM7,wash_chair
bNXchpFtwaM8,wash_chair
7YClQKsxHHg0,shake_chair
Gz5vMaqFrN00,shake_chair
_xISR4eybIA0,shake_chair
gIHKHjDZeRE0,unplug_blender
gIHKHjDZeRE1,unplug_blender
gIHKHjDZeRE2,unplug_blender
gIHKHjDZeRE3,unplug_blender
ez71_KUt-q40,shake_flower
ez71_KUt-q41,shake_flower
ez71_KUt-q42,shake_flower
WlP1oJDhrMs0,shake_flower
WlP1oJDhrMs1,shake_flower
ez71_KUt-q43,shake_flower
ez71_KUt-q44,shake_flower
YMy2dkrCXzw0,cut_phone
QLKqer0xpI00,cut_phone
M1VeEOe9HEI0,cut_phone
QLKqer0xpI01,cut_phone
M1VeEOe9HEI1,cut_phone
QLKqer0xpI02,cut_phone
QLKqer0xpI03,cut_phone
QLKqer0xpI04,cut_phone
QLKqer0xpI05,cut_phone
M1VeEOe9HEI2,cut_phone
M1VeEOe9HEI3,cut_phone
9xw2jQN4TEQ0,cut_phone
9xw2jQN4TEQ1,cut_phone
M1VeEOe9HEI4,cut_phone
M1VeEOe9HEI5,cut_phone
9xw2jQN4TEQ2,cut_phone
QLKqer0xpI06,cut_phone
M1VeEOe9HEI6,cut_phone
M1VeEOe9HEI7,cut_phone
9xw2jQN4TEQ3,cut_phone
QLKqer0xpI07,cut_phone
9xw2jQN4TEQ4,cut_phone
QLKqer0xpI08,cut_phone
9xw2jQN4TEQ5,cut_phone
YMy2dkrCXzw1,cut_phone
M1VeEOe9HEI8,cut_phone
M1VeEOe9HEI9,cut_phone
9xw2jQN4TEQ6,cut_phone
QLKqer0xpI09,cut_phone
QLKqer0xpI010,cut_phone
M1VeEOe9HEI10,cut_phone
QLKqer0xpI011,cut_phone
9xw2jQN4TEQ7,cut_phone
M1VeEOe9HEI11,cut_phone
9xw2jQN4TEQ8,cut_phone
9xw2jQN4TEQ9,cut_phone
QLKqer0xpI012,cut_phone
9xw2jQN4TEQ10,cut_phone
QLKqer0xpI013,cut_phone
9xw2jQN4TEQ11,cut_phone
9xw2jQN4TEQ12,cut_phone
9xw2jQN4TEQ13,cut_phone
M1VeEOe9HEI12,cut_phone
M1VeEOe9HEI13,cut_phone
QLKqer0xpI014,cut_phone
QLKqer0xpI015,cut_phone
TwDnxAJa3Gs0,hammer_fridge
u-c5SfjRWHk0,hammer_fridge
TwDnxAJa3Gs1,hammer_fridge
TwDnxAJa3Gs2,hammer_fridge
u-c5SfjRWHk1,hammer_fridge
u-c5SfjRWHk2,hammer_fridge
8fkF37Tsvsw0,hammer_rock
8fkF37Tsvsw1,hammer_rock
dxz7oTygzfA0,hammer_rock
dxz7oTygzfA1,hammer_rock
4qn4dWcIdyw0,hammer_rock
4qn4dWcIdyw1,hammer_rock
8fkF37Tsvsw2,hammer_rock
dxz7oTygzfA2,hammer_rock
4qn4dWcIdyw2,hammer_rock
dxz7oTygzfA3,hammer_rock
dxz7oTygzfA4,hammer_rock
8fkF37Tsvsw3,hammer_rock
4qn4dWcIdyw3,hammer_rock
8fkF37Tsvsw4,hammer_rock
8fkF37Tsvsw5,hammer_rock
8fkF37Tsvsw6,hammer_rock
8fkF37Tsvsw7,hammer_rock
dxz7oTygzfA5,hammer_rock
dxz7oTygzfA6,hammer_rock
8fkF37Tsvsw8,hammer_rock
8fkF37Tsvsw9,hammer_rock
8fkF37Tsvsw10,hammer_rock
8fkF37Tsvsw11,hammer_rock
dxz7oTygzfA7,hammer_rock
8fkF37Tsvsw12,hammer_rock
4qn4dWcIdyw4,hammer_rock
dxz7oTygzfA8,hammer_rock
dxz7oTygzfA9,hammer_rock
8fkF37Tsvsw13,hammer_rock
SlHpsWhilu80,hammer_microwave
_h6gZrQhvLg0,hammer_microwave
SlHpsWhilu81,hammer_microwave
_h6gZrQhvLg1,hammer_microwave
SlHpsWhilu82,hammer_microwave
SlHpsWhilu83,hammer_microwave
_h6gZrQhvLg2,hammer_microwave
3piOOCAjN6Y0,hammer_microwave
_h6gZrQhvLg3,hammer_microwave
_h6gZrQhvLg4,hammer_microwave
SlHpsWhilu84,hammer_microwave
_h6gZrQhvLg5,hammer_microwave
_h6gZrQhvLg6,hammer_microwave
SlHpsWhilu85,hammer_microwave
SlHpsWhilu86,hammer_microwave
SlHpsWhilu87,hammer_microwave
SlHpsWhilu88,hammer_microwave
SlHpsWhilu89,hammer_microwave
SlHpsWhilu810,hammer_microwave
SlHpsWhilu811,hammer_microwave
3piOOCAjN6Y1,hammer_microwave
_h6gZrQhvLg7,hammer_microwave
3piOOCAjN6Y2,hammer_microwave
aS37fZ_HXJQ0,spray_fridge
aS37fZ_HXJQ1,spray_fridge
aS37fZ_HXJQ2,spray_fridge
aS37fZ_HXJQ3,spray_fridge
19WjmcCuUoI0,spray_fridge
CjGOhSov8zY0,spray_fridge
19WjmcCuUoI1,spray_fridge
CjGOhSov8zY1,spray_fridge
aS37fZ_HXJQ4,spray_fridge
hyvrlKOZufI0,spray_fridge
19WjmcCuUoI2,spray_fridge
CjGOhSov8zY2,spray_fridge
hyvrlKOZufI1,spray_fridge
CjGOhSov8zY3,spray_fridge
hyvrlKOZufI2,spray_fridge
aS37fZ_HXJQ5,spray_fridge
aS37fZ_HXJQ6,spray_fridge
aS37fZ_HXJQ7,spray_fridge
-Ce6Imxcch80,spray_fridge
CjGOhSov8zY4,spray_fridge
CjGOhSov8zY5,spray_fridge
19WjmcCuUoI3,spray_fridge
aS37fZ_HXJQ8,spray_fridge
-Ce6Imxcch81,spray_fridge
hyvrlKOZufI3,spray_fridge
aS37fZ_HXJQ9,spray_fridge
CjGOhSov8zY6,spray_fridge
hyvrlKOZufI4,spray_fridge
ZMWRaSDV-YM0,measure_egg
yvcXGQqhOb80,measure_egg
9OsveNAEm8w0,measure_egg
yvcXGQqhOb81,measure_egg
9OsveNAEm8w1,measure_egg
9OsveNAEm8w2,measure_egg
yvcXGQqhOb82,measure_egg
9OsveNAEm8w3,measure_egg
9OsveNAEm8w4,measure_egg
9OsveNAEm8w5,measure_egg
NFhtRgr8f6c0,hammer_pumpkin
NFhtRgr8f6c1,hammer_pumpkin
NFhtRgr8f6c2,hammer_pumpkin
NFhtRgr8f6c3,hammer_pumpkin
NFhtRgr8f6c4,hammer_pumpkin
q8DHhbP8nSs0,hammer_pumpkin
NFhtRgr8f6c5,hammer_pumpkin
NFhtRgr8f6c6,hammer_pumpkin
NFhtRgr8f6c7,hammer_pumpkin
ZgFrQnFASMQ0,hammer_pumpkin
NFhtRgr8f6c8,hammer_pumpkin
ZgFrQnFASMQ1,hammer_pumpkin
yww4PVMKP1U0,hammer_pumpkin
Iyzcffecnhs0,cut_laptop
mS7o4J03CvU0,cut_laptop
4AyNXMxhTc40,cut_laptop
4AyNXMxhTc41,cut_laptop
atGZMtZjz-Q0,cut_laptop
mS7o4J03CvU1,cut_laptop
Ojch90478ZA0,cut_laptop
mS7o4J03CvU2,cut_laptop
mS7o4J03CvU3,cut_laptop
atGZMtZjz-Q1,cut_laptop
4AyNXMxhTc42,cut_laptop
Ojch90478ZA1,cut_laptop
4AyNXMxhTc43,cut_laptop
4AyNXMxhTc44,cut_laptop
Ojch90478ZA2,cut_laptop
mS7o4J03CvU4,cut_laptop
Ojch90478ZA3,cut_laptop
mS7o4J03CvU5,cut_laptop
Ojch90478ZA4,cut_laptop
Ojch90478ZA5,cut_laptop
mS7o4J03CvU6,cut_laptop
atGZMtZjz-Q2,cut_laptop
mS7o4J03CvU7,cut_laptop
Iyzcffecnhs1,cut_laptop
Iyzcffecnhs2,cut_laptop
Iyzcffecnhs3,cut_laptop
gEd_GFlOxMo0,hammer_coconut
6lf2LQI4beY0,hammer_coconut
mpbTTBgsF7c0,hammer_coconut
6lf2LQI4beY1,hammer_coconut
U9CWuXUDPcU0,hammer_coconut
KfXplKWGXe80,hammer_coconut
KfXplKWGXe81,hammer_coconut
mpbTTBgsF7c1,hammer_coconut
mpbTTBgsF7c2,hammer_coconut
gEd_GFlOxMo1,hammer_coconut
mpbTTBgsF7c3,hammer_coconut
gEd_GFlOxMo2,hammer_coconut
gEd_GFlOxMo3,hammer_coconut
6lf2LQI4beY2,hammer_coconut
gEd_GFlOxMo4,hammer_coconut
6lf2LQI4beY3,hammer_coconut
mpbTTBgsF7c4,hammer_coconut
mpbTTBgsF7c5,hammer_coconut
6lf2LQI4beY4,hammer_coconut
gEd_GFlOxMo5,hammer_coconut
gEd_GFlOxMo6,hammer_coconut
2h-x6Z4IjsA0,peel_pumpkin
p6uWT3boNtA0,peel_pumpkin
JCO_9bwo6VA4,peel_pumpkin
2h-x6Z4IjsA1,peel_pumpkin
2h-x6Z4IjsA2,peel_pumpkin
2h-x6Z4IjsA3,peel_pumpkin
JCO_9bwo6VA5,peel_pumpkin
HcmMSLNBkXY0,hammer_laptop
HcmMSLNBkXY1,hammer_laptop
ZJ8QsMeTR2M0,hammer_laptop
9cNhzV75TZs0,hammer_laptop
9cNhzV75TZs1,hammer_laptop
vpdG53CDJAw0,hammer_laptop
y05xVJinn980,hammer_laptop
-yoNoaLdbEA0,hammer_laptop
ZJ8QsMeTR2M1,hammer_laptop
9cNhzV75TZs2,hammer_laptop
9cNhzV75TZs3,hammer_laptop
HcmMSLNBkXY2,hammer_laptop
9cNhzV75TZs4,hammer_laptop
vpdG53CDJAw1,hammer_laptop
9cNhzV75TZs5,hammer_laptop
9cNhzV75TZs6,hammer_laptop
9cNhzV75TZs7,hammer_laptop
HcmMSLNBkXY3,hammer_laptop
9cNhzV75TZs8,hammer_laptop
9cNhzV75TZs9,hammer_laptop
vpdG53CDJAw2,hammer_laptop
HcmMSLNBkXY4,hammer_laptop
9zUFu-I8pgU0,measure_pumpkin
tDIxKpoF5cc0,measure_pumpkin
tDIxKpoF5cc1,measure_pumpkin
Cd1S8gUC-Ew0,measure_pumpkin
Cd1S8gUC-Ew1,measure_pumpkin
OzdSb2A9I500,measure_pumpkin
OzdSb2A9I501,measure_pumpkin
Cd1S8gUC-Ew2,measure_pumpkin
x0pYMyUAwCo0,measure_pumpkin
tDIxKpoF5cc2,measure_pumpkin
9zUFu-I8pgU1,measure_pumpkin
Cd1S8gUC-Ew3,measure_pumpkin
Cd1S8gUC-Ew4,measure_pumpkin
x0pYMyUAwCo1,measure_pumpkin
x0pYMyUAwCo2,measure_pumpkin
Cd1S8gUC-Ew5,measure_pumpkin
OzdSb2A9I502,measure_pumpkin
OzdSb2A9I503,measure_pumpkin
x0pYMyUAwCo3,measure_pumpkin
x0pYMyUAwCo4,measure_pumpkin
Cd1S8gUC-Ew6,measure_pumpkin
x0pYMyUAwCo5,measure_pumpkin
Cd1S8gUC-Ew7,measure_pumpkin
x0pYMyUAwCo6,measure_pumpkin
Cd1S8gUC-Ew8,measure_pumpkin
Cd1S8gUC-Ew9,measure_pumpkin
Cd1S8gUC-Ew10,measure_pumpkin
_ASpHwX7SKg0,hammer_egg
BH1PDR72aIE0,hammer_egg
BH1PDR72aIE1,hammer_egg
8m9bmIDKqas0,hammer_egg
_ASpHwX7SKg1,hammer_egg
_ASpHwX7SKg2,hammer_egg
_ASpHwX7SKg3,hammer_egg
_ASpHwX7SKg4,hammer_egg
mfVWk6JjgQ40,hammer_egg
ltOyZtc1AU00,hammer_egg
ltOyZtc1AU01,hammer_egg
ltOyZtc1AU02,hammer_egg
RQNk5SBb6-g0,measure_laptop
JXeo-_jQTLs0,measure_laptop
RQNk5SBb6-g1,measure_laptop
RQNk5SBb6-g2,measure_laptop
RQNk5SBb6-g3,measure_laptop
vXtvfb2KOkg0,measure_laptop
JXeo-_jQTLs1,measure_laptop
JXeo-_jQTLs2,measure_laptop
Xq6ddLgFjDA0,microwave_laptop
XOVCsaLMLZU0,microwave_laptop
XOVCsaLMLZU1,microwave_laptop
Xq6ddLgFjDA1,microwave_laptop
bJ_Y_K0k2Og0,microwave_laptop
Xq6ddLgFjDA2,microwave_laptop
XOVCsaLMLZU2,microwave_laptop
bJ_Y_K0k2Og1,microwave_laptop
7nrzWTrwntg0,microwave_laptop
7nrzWTrwntg1,microwave_laptop
5cLFaFwEFkg0,wash_laptop
aKYWG2hTjJc0,wash_laptop
Q5had1RBK700,wash_laptop
Q5had1RBK701,wash_laptop
Q5had1RBK702,wash_laptop
Q5had1RBK703,wash_laptop
Q5had1RBK704,wash_laptop
aKYWG2hTjJc1,wash_laptop
aKYWG2hTjJc2,wash_laptop
Q5had1RBK705,wash_laptop
5cLFaFwEFkg1,wash_laptop
Q5had1RBK706,wash_laptop
5cLFaFwEFkg2,wash_laptop
Q5had1RBK707,wash_laptop
5cLFaFwEFkg3,wash_laptop
aKYWG2hTjJc3,wash_laptop
aKYWG2hTjJc4,wash_laptop
Q5had1RBK708,wash_laptop
pR4nLgi13UY0,hammer_tomato
TRquRJZPBV00,hammer_tomato
TRquRJZPBV01,hammer_tomato
TTXNJOU42Ik0,hammer_tomato
TTXNJOU42Ik1,hammer_tomato
TRquRJZPBV02,hammer_tomato
TTXNJOU42Ik2,hammer_tomato
xzguNXiDtEQ0,hammer_tomato
xzguNXiDtEQ1,hammer_tomato
0X_O3PGIhdw0,hammer_tomato
TRquRJZPBV03,hammer_tomato
S-gUFvpRQoU0,blend_corn
SGpelgEFkFw0,blend_corn
KDnUgPptioQ0,blend_corn
KDnUgPptioQ1,blend_corn
KDnUgPptioQ2,blend_corn
S-gUFvpRQoU1,blend_corn
KDnUgPptioQ3,blend_corn
gjT1yUSWwI00,cut_shoes
EKt64Eu4aT40,cut_shoes
jm6PIo5JmO40,cut_shoes
JXPeqZvREvw0,cut_shoes
ZPExnQRq5KQ0,cut_shoes
ZPExnQRq5KQ1,cut_shoes
EKt64Eu4aT41,cut_shoes
jm6PIo5JmO41,cut_shoes
gjT1yUSWwI01,cut_shoes
jm6PIo5JmO42,cut_shoes
jm6PIo5JmO43,cut_shoes
jm6PIo5JmO44,cut_shoes
UJ83hb1-yBc0,cut_shoes
jm6PIo5JmO45,cut_shoes
UJ83hb1-yBc1,cut_shoes
EKt64Eu4aT42,cut_shoes
UJ83hb1-yBc2,cut_shoes
jm6PIo5JmO46,cut_shoes
SKOqXBKL-RA0,hammer_shoes
zi9YnI_g1mI0,hammer_shoes
zi9YnI_g1mI1,hammer_shoes
SKOqXBKL-RA1,hammer_shoes
RQBSouPL2zo0,hammer_shoes
RUVclFtIyRE0,hammer_shoes
SKOqXBKL-RA2,hammer_shoes
zi9YnI_g1mI2,hammer_shoes
zi9YnI_g1mI3,hammer_shoes
RUVclFtIyRE1,hammer_shoes
RQBSouPL2zo1,hammer_shoes
RQBSouPL2zo2,hammer_shoes
RUVclFtIyRE2,hammer_shoes
RQBSouPL2zo3,hammer_shoes
zi9YnI_g1mI4,hammer_shoes
SKOqXBKL-RA3,hammer_shoes
RQBSouPL2zo4,hammer_shoes
fToebNlt-n80,hammer_shoes
RQBSouPL2zo5,hammer_shoes
wfQfAnMADcM0,measure_oven
wfQfAnMADcM1,measure_oven
4xhEyzW3AS40,measure_oven
q9nbVWba8wc0,measure_oven
wfQfAnMADcM2,measure_oven
wfQfAnMADcM3,measure_oven
4xhEyzW3AS41,measure_oven
4xhEyzW3AS42,measure_oven
wfQfAnMADcM4,measure_oven
4xhEyzW3AS43,measure_oven
wfQfAnMADcM5,measure_oven
0cLmmqmiag80,measure_oven
4xhEyzW3AS44,measure_oven
q9nbVWba8wc1,measure_oven
4xhEyzW3AS45,measure_oven
5NGDPUxNsLA0,spray_shoes
AZIflsd1Ecs0,spray_shoes
qxKCxELMaZs0,spray_shoes
6I-Hs9aFtr00,spray_shoes
MAKw7bK59Fc0,spray_shoes
m47SEFoJLvk0,spray_shoes
m47SEFoJLvk1,spray_shoes
m47SEFoJLvk2,spray_shoes
6I-Hs9aFtr01,spray_shoes
5NGDPUxNsLA1,spray_shoes
m47SEFoJLvk3,spray_shoes
AZIflsd1Ecs1,spray_shoes
5NGDPUxNsLA2,spray_shoes
5NGDPUxNsLA3,spray_shoes
m47SEFoJLvk4,spray_shoes
5NGDPUxNsLA4,spray_shoes
m47SEFoJLvk5,spray_shoes
m47SEFoJLvk6,spray_shoes
m47SEFoJLvk7,spray_shoes
MAKw7bK59Fc1,spray_shoes
5NGDPUxNsLA5,spray_shoes
MAKw7bK59Fc2,spray_shoes
MAKw7bK59Fc3,spray_shoes
5NGDPUxNsLA6,spray_shoes
m47SEFoJLvk8,spray_shoes
m47SEFoJLvk9,spray_shoes
MAKw7bK59Fc4,spray_shoes
qxKCxELMaZs1,spray_shoes
AZIflsd1Ecs2,spray_shoes
AZIflsd1Ecs3,spray_shoes
MAKw7bK59Fc5,spray_shoes
m47SEFoJLvk10,spray_shoes
5NGDPUxNsLA7,spray_shoes
MAKw7bK59Fc6,spray_shoes
m47SEFoJLvk11,spray_shoes
AZIflsd1Ecs4,spray_shoes
qxKCxELMaZs2,spray_shoes
qxKCxELMaZs3,spray_shoes
MAKw7bK59Fc7,spray_shoes
cjvAVkFWQI00,spray_pumpkin
VkkkBLo8g-I0,spray_pumpkin
0zTDNBPN-3I0,spray_pumpkin
VkkkBLo8g-I1,spray_pumpkin
r5tz_m0c7zs0,spray_pumpkin
6MZcfdQzvN40,spray_pumpkin
6MZcfdQzvN41,spray_pumpkin
6MZcfdQzvN42,spray_pumpkin
0zTDNBPN-3I1,spray_pumpkin
_FJkTcepdWY0,spray_pumpkin
r5tz_m0c7zs1,spray_pumpkin
6MZcfdQzvN43,spray_pumpkin
_FJkTcepdWY1,spray_pumpkin
0zTDNBPN-3I2,spray_pumpkin
_FJkTcepdWY2,spray_pumpkin
0zTDNBPN-3I3,spray_pumpkin
6MZcfdQzvN44,spray_pumpkin
6MZcfdQzvN45,spray_pumpkin
_FJkTcepdWY3,spray_pumpkin
_FJkTcepdWY4,spray_pumpkin
VkkkBLo8g-I2,spray_pumpkin
6MZcfdQzvN46,spray_pumpkin
fSFgAA99BW80,measure_shoes
fSFgAA99BW81,measure_shoes
fSFgAA99BW82,measure_shoes
fSFgAA99BW83,measure_shoes
fSFgAA99BW84,measure_shoes
fSFgAA99BW85,measure_shoes
fSFgAA99BW86,measure_shoes
fSFgAA99BW87,measure_shoes
-YpsK_wlA4g0,blend_pumpkin
-YpsK_wlA4g1,blend_pumpkin
-YpsK_wlA4g2,blend_pumpkin
-YpsK_wlA4g3,blend_pumpkin
-YpsK_wlA4g4,blend_pumpkin
-YpsK_wlA4g5,blend_pumpkin
1fYDX2xvF9o0,blend_pumpkin
o96t7AEyRUw0,microwave_shoes
BI61bFDtaDk0,microwave_shoes
GlW6yeFvsRU0,microwave_shoes
BI61bFDtaDk1,microwave_shoes
BI61bFDtaDk2,microwave_shoes
QaF1y2T4ucE0,microwave_shoes
QaF1y2T4ucE1,microwave_shoes
GlW6yeFvsRU1,microwave_shoes
QaF1y2T4ucE2,microwave_shoes
QaF1y2T4ucE3,microwave_shoes
QaF1y2T4ucE4,microwave_shoes
Dh2kSaDLxZ40,microwave_shoes
BI61bFDtaDk3,microwave_shoes
QaF1y2T4ucE5,microwave_shoes
QaF1y2T4ucE6,microwave_shoes
BI61bFDtaDk4,microwave_shoes
BI61bFDtaDk5,microwave_shoes
BI61bFDtaDk6,microwave_shoes
BI61bFDtaDk7,microwave_shoes
o96t7AEyRUw1,microwave_shoes
l0sbiSlyKtw0,blend_shoes
l0sbiSlyKtw1,blend_shoes
l0sbiSlyKtw2,blend_shoes
l0sbiSlyKtw3,blend_shoes
qoRD3mo_UOI0,cut_book
OJVbpJ9AYUo0,cut_book
E5K6e2OMhT40,cut_book
E5K6e2OMhT41,cut_book
qoRD3mo_UOI1,cut_book
E5K6e2OMhT42,cut_book
OJVbpJ9AYUo1,cut_book
ZADHI2wqPyg0,cut_book
E5K6e2OMhT43,cut_book
qoRD3mo_UOI2,cut_book
E5K6e2OMhT44,cut_book
E5K6e2OMhT45,cut_book
ZADHI2wqPyg1,cut_book
qoRD3mo_UOI3,cut_book
qoRD3mo_UOI4,cut_book
OJVbpJ9AYUo2,cut_book
AaUk0WxuBXE0,cut_book
AaUk0WxuBXE1,cut_book
udq-UBblnQk0,wash_keyboard
udq-UBblnQk1,wash_keyboard
ltA_zYDZQaE0,wash_keyboard
ltA_zYDZQaE1,wash_keyboard
ltA_zYDZQaE2,wash_keyboard
ltA_zYDZQaE3,wash_keyboard
udq-UBblnQk2,wash_keyboard
ltA_zYDZQaE4,wash_keyboard
udq-UBblnQk3,wash_keyboard
ltA_zYDZQaE5,wash_keyboard
udq-UBblnQk4,wash_keyboard
zAmL3HHJi7M0,microwave_book
FeYIvA-OyDA0,microwave_book
FeYIvA-OyDA1,microwave_book
uik3e5looPI0,microwave_book
a2zfL34WHo80,microwave_book
uik3e5looPI1,microwave_book
uik3e5looPI2,microwave_book
a2zfL34WHo81,microwave_book
uik3e5looPI3,microwave_book
a2zfL34WHo82,microwave_book
FeYIvA-OyDA2,microwave_book
uik3e5looPI4,microwave_book
uik3e5looPI5,microwave_book
FeYIvA-OyDA3,microwave_book
a2zfL34WHo83,microwave_book
FeYIvA-OyDA4,microwave_book
uik3e5looPI6,microwave_book
FeYIvA-OyDA5,microwave_book
zAmL3HHJi7M1,microwave_book
A7XLsXPfv900,hammer_bottle
tlRikG7FOdw0,hammer_bottle
l6NT1cfcnMc0,hammer_bottle
l6NT1cfcnMc1,hammer_bottle
A7XLsXPfv901,hammer_bottle
A7XLsXPfv902,hammer_bottle
tlRikG7FOdw1,hammer_bottle
tlRikG7FOdw2,hammer_bottle
tlRikG7FOdw3,hammer_bottle
l6NT1cfcnMc2,hammer_bottle
l6NT1cfcnMc3,hammer_bottle
tlRikG7FOdw4,hammer_bottle
A7XLsXPfv903,hammer_bottle
tlRikG7FOdw5,hammer_bottle
l6NT1cfcnMc4,hammer_bottle
tlRikG7FOdw6,hammer_bottle
A7XLsXPfv904,hammer_bottle
tlRikG7FOdw7,hammer_bottle
l6NT1cfcnMc5,hammer_bottle
A7XLsXPfv905,hammer_bottle
hox01YvTfjk0,hammer_bottle
A7XLsXPfv906,hammer_bottle
tlRikG7FOdw8,hammer_bottle
hox01YvTfjk1,hammer_bottle
hox01YvTfjk2,hammer_bottle
YGLkLjfN1XM0,hammer_bottle
l6NT1cfcnMc6,hammer_bottle
l6NT1cfcnMc7,hammer_bottle
hox01YvTfjk3,hammer_bottle
tlRikG7FOdw9,hammer_bottle
aiRZUkjZZxI0,microwave_bottle
1lWe6kbI7AA0,microwave_bottle
1lWe6kbI7AA1,microwave_bottle
z3za3lJUqH00,microwave_bottle
z3za3lJUqH01,microwave_bottle
q_md4opkfYk0,microwave_bottle
aiRZUkjZZxI1,microwave_bottle
aiRZUkjZZxI2,microwave_bottle
q_md4opkfYk1,microwave_bottle
aiRZUkjZZxI3,microwave_bottle
1lWe6kbI7AA2,microwave_bottle
q_md4opkfYk2,microwave_bottle
z3za3lJUqH02,microwave_bottle
KvmqASD57vE0,microwave_bottle
z3za3lJUqH03,microwave_bottle
q_md4opkfYk3,microwave_bottle
aiRZUkjZZxI4,microwave_bottle
aiRZUkjZZxI5,microwave_bottle
q_md4opkfYk4,microwave_bottle
1lWe6kbI7AA3,microwave_bottle
z3za3lJUqH04,microwave_bottle
1lWe6kbI7AA4,microwave_bottle
1lWe6kbI7AA5,microwave_bottle
z3za3lJUqH05,microwave_bottle
q_md4opkfYk5,microwave_bottle
z3za3lJUqH06,microwave_bottle
1lWe6kbI7AA6,microwave_bottle
q_md4opkfYk6,microwave_bottle
z3za3lJUqH07,microwave_bottle
z3za3lJUqH08,microwave_bottle
z3za3lJUqH09,microwave_bottle
1lWe6kbI7AA7,microwave_bottle
q_md4opkfYk7,microwave_bottle
q_md4opkfYk8,microwave_bottle
aiRZUkjZZxI6,microwave_bottle
aiRZUkjZZxI7,microwave_bottle
1lWe6kbI7AA8,microwave_bottle
lkEglG1lGck0,weigh_shoes
6MKFUvrOiiM0,weigh_shoes
lkEglG1lGck1,weigh_shoes
lkEglG1lGck2,weigh_shoes
5pPpF8EquSo0,weigh_shoes
6MKFUvrOiiM1,weigh_shoes
5pPpF8EquSo1,weigh_shoes
5pPpF8EquSo2,weigh_shoes
5pPpF8EquSo3,weigh_shoes
5pPpF8EquSo4,weigh_shoes
5pPpF8EquSo5,weigh_shoes
5pPpF8EquSo6,weigh_shoes
5pPpF8EquSo7,weigh_shoes
5pPpF8EquSo8,weigh_shoes
5pPpF8EquSo9,weigh_shoes
5pPpF8EquSo10,weigh_shoes
5pPpF8EquSo11,weigh_shoes
6MKFUvrOiiM2,weigh_shoes
5pPpF8EquSo12,weigh_shoes
5pPpF8EquSo13,weigh_shoes
5pPpF8EquSo14,weigh_shoes
6MKFUvrOiiM3,weigh_shoes
Ee51k6pFb_I0,spray_phone
Q0qoZawj7dk0,spray_phone
ja2Ye_c2ENI0,spray_phone
xsQZlxTSuDI0,spray_phone
impf0H6yvRU0,spray_phone
xsQZlxTSuDI1,spray_phone
ja2Ye_c2ENI1,spray_phone
ja2Ye_c2ENI2,spray_phone
xsQZlxTSuDI2,spray_phone
impf0H6yvRU1,spray_phone
xsQZlxTSuDI3,spray_phone
e_q9AtSaMBM0,spray_phone
Ee51k6pFb_I1,spray_phone
Ee51k6pFb_I2,spray_phone
Ee51k6pFb_I3,spray_phone
impf0H6yvRU2,spray_phone
xsQZlxTSuDI4,spray_phone
xsQZlxTSuDI5,spray_phone
Ee51k6pFb_I4,spray_phone
impf0H6yvRU3,spray_phone
xsQZlxTSuDI6,spray_phone
ja2Ye_c2ENI3,spray_phone
8snTYfdj15A0,cut_keyboard
8snTYfdj15A1,cut_keyboard
Jj_77C1MsnY0,cut_keyboard
8snTYfdj15A2,cut_keyboard
pKpHQjOPAAI0,cut_keyboard
5uOnsYr18_s0,cut_keyboard
q0RVz-CKeYM0,cut_keyboard
8snTYfdj15A3,cut_keyboard
q0RVz-CKeYM1,cut_keyboard
8snTYfdj15A4,cut_keyboard
5uOnsYr18_s1,cut_keyboard
8snTYfdj15A5,cut_keyboard
8snTYfdj15A6,cut_keyboard
5uOnsYr18_s2,cut_keyboard
GeoqyhG77JU0,cut_keyboard
q0RVz-CKeYM2,cut_keyboard
8snTYfdj15A7,cut_keyboard
pKpHQjOPAAI1,cut_keyboard
GeoqyhG77JU1,cut_keyboard
pKpHQjOPAAI2,cut_keyboard
8snTYfdj15A8,cut_keyboard
wFThFUAs7Ds0,spray_book
wFThFUAs7Ds1,spray_book
wFThFUAs7Ds2,spray_book
wFThFUAs7Ds3,spray_book
wFThFUAs7Ds4,spray_book
wFThFUAs7Ds5,spray_book
NK-9nzi5puc0,weigh_book
NK-9nzi5puc1,weigh_book
NK-9nzi5puc2,weigh_book
Q0EbOKX3zrg0,weigh_book
ymUu4oI1LHE0,weigh_book
gxSUKt_TBj40,weigh_book
NK-9nzi5puc3,weigh_book
NK-9nzi5puc4,weigh_book
NK-9nzi5puc5,weigh_book
gxSUKt_TBj41,weigh_book
ymUu4oI1LHE1,weigh_book
Q0EbOKX3zrg1,weigh_book
NK-9nzi5puc6,weigh_book
Q0EbOKX3zrg2,weigh_book
BOCGtFEqOlM0,weigh_book
NK-9nzi5puc7,weigh_book
gxSUKt_TBj42,weigh_book
Q0EbOKX3zrg3,weigh_book
NK-9nzi5puc8,weigh_book
ymUu4oI1LHE2,weigh_book
NK-9nzi5puc9,weigh_book
NK-9nzi5puc10,weigh_book
Zdm20dZmVk80,weigh_phone
CIpKwl7ETHY0,weigh_phone
Zdm20dZmVk81,weigh_phone
Zdm20dZmVk82,weigh_phone
eXlZ3zsRDWY0,weigh_phone
eXlZ3zsRDWY1,weigh_phone
CIpKwl7ETHY1,weigh_phone
Zdm20dZmVk83,weigh_phone
Zdm20dZmVk84,weigh_phone
Zdm20dZmVk85,weigh_phone
Zdm20dZmVk86,weigh_phone
Zdm20dZmVk87,weigh_phone
Zdm20dZmVk88,weigh_phone
EjQZL_t6igk0,weigh_phone
Zdm20dZmVk89,weigh_phone
eXlZ3zsRDWY2,weigh_phone
CIpKwl7ETHY2,weigh_phone
Zdm20dZmVk810,weigh_phone
EjQZL_t6igk1,weigh_phone
eXlZ3zsRDWY3,weigh_phone
eXlZ3zsRDWY4,weigh_phone
vbxl_z9yVzA0,hammer_keyboard
vbxl_z9yVzA1,hammer_keyboard
tCzQedU9gU00,hammer_keyboard
vbxl_z9yVzA2,hammer_keyboard
tCzQedU9gU01,hammer_keyboard
tCzQedU9gU02,hammer_keyboard
uElB_qT0Azw0,hammer_keyboard
tCzQedU9gU03,hammer_keyboard
uXIBdOQGKM40,hammer_keyboard
uElB_qT0Azw1,hammer_keyboard
uElB_qT0Azw2,hammer_keyboard
vbxl_z9yVzA3,hammer_keyboard
W9Po019MOro0,hammer_keyboard
vbxl_z9yVzA4,hammer_keyboard
uXIBdOQGKM41,hammer_keyboard
ISyJdCWHwqA0,spray_keyboard
ISyJdCWHwqA1,spray_keyboard
Bdvk_yeHTnc0,spray_keyboard
wvwYkN13lzI0,spray_keyboard
wvwYkN13lzI1,spray_keyboard
ISyJdCWHwqA2,spray_keyboard
wvwYkN13lzI2,spray_keyboard
wvwYkN13lzI3,spray_keyboard
wvwYkN13lzI4,spray_keyboard
Bdvk_yeHTnc1,spray_keyboard
wvwYkN13lzI5,spray_keyboard
wvwYkN13lzI6,spray_keyboard
wvwYkN13lzI7,spray_keyboard
wvwYkN13lzI8,spray_keyboard
ISyJdCWHwqA3,spray_keyboard
wvwYkN13lzI9,spray_keyboard
3-jhOG9uO2s0,spray_laptop
GXycRW1IGQk0,spray_laptop
L5ak_v_76iI0,spray_laptop
L5ak_v_76iI1,spray_laptop
Xe5HTcC22lw0,spray_laptop
L5ak_v_76iI2,spray_laptop
L5ak_v_76iI3,spray_laptop
zvj0xbiwyXc0,spray_laptop
Xe5HTcC22lw1,spray_laptop
3-jhOG9uO2s1,spray_laptop
3-jhOG9uO2s2,spray_laptop
3-jhOG9uO2s3,spray_laptop
Xe5HTcC22lw2,spray_laptop
GXycRW1IGQk1,spray_laptop
3-jhOG9uO2s4,spray_laptop
L5ak_v_76iI4,spray_laptop
L5ak_v_76iI5,spray_laptop
L5ak_v_76iI6,spray_laptop
3-jhOG9uO2s5,spray_laptop
L5ak_v_76iI7,spray_laptop
N6DKQ5jV8c00,weigh_bottle
8PMUjcgVMeo0,weigh_bottle
N6DKQ5jV8c01,weigh_bottle
8PMUjcgVMeo1,weigh_bottle
N6DKQ5jV8c02,weigh_bottle
N6DKQ5jV8c03,weigh_bottle
N6DKQ5jV8c04,weigh_bottle
8PMUjcgVMeo2,weigh_bottle
8PMUjcgVMeo3,weigh_bottle
8PMUjcgVMeo4,weigh_bottle
BPIXjMEiQdo0,measure_phone
BPIXjMEiQdo1,measure_phone
A9DxjxnYdjI0,peel_watermelon
A9DxjxnYdjI1,peel_watermelon
A9DxjxnYdjI2,peel_watermelon
6nhulRpkw0g0,hammer_watermelon
zF6TkNwn3ls0,hammer_watermelon
z0QOKC5-rWk0,hammer_watermelon
z0QOKC5-rWk1,hammer_watermelon
3M1mlnoEIFg0,hammer_watermelon
6nhulRpkw0g1,hammer_watermelon
LvQ-DXhxeYY0,hammer_watermelon
LvQ-DXhxeYY1,hammer_watermelon
6nhulRpkw0g2,hammer_watermelon
NkokBKdZpZs0,hammer_watermelon
NkokBKdZpZs1,hammer_watermelon
NkokBKdZpZs2,hammer_watermelon
6nhulRpkw0g3,hammer_watermelon
6nhulRpkw0g4,hammer_watermelon
z0QOKC5-rWk2,hammer_watermelon
z0QOKC5-rWk3,hammer_watermelon
z0QOKC5-rWk4,hammer_watermelon
NkokBKdZpZs3,hammer_watermelon
_8iaFsQb_yI0,measure_watermelon
_8iaFsQb_yI1,measure_watermelon
6eBI3UT0RnI0,measure_watermelon
_8iaFsQb_yI2,measure_watermelon
_8iaFsQb_yI3,measure_watermelon
w4KofNvJC5Q0,measure_watermelon
2DW668gIlYA0,measure_watermelon
2DW668gIlYA1,measure_watermelon
6eBI3UT0RnI1,measure_watermelon
w4KofNvJC5Q1,measure_watermelon
w4KofNvJC5Q2,measure_watermelon
6eBI3UT0RnI2,measure_watermelon
6eBI3UT0RnI3,measure_watermelon
w4KofNvJC5Q3,measure_watermelon
_8iaFsQb_yI4,measure_watermelon
2DW668gIlYA2,measure_watermelon
w4KofNvJC5Q4,measure_watermelon
xyBwm2xE67o0,drill_phone
bBSEgb9z2Ts0,drill_phone
bBSEgb9z2Ts1,drill_phone
xyBwm2xE67o1,drill_phone
kt1aLgYel0I0,drill_phone
bBSEgb9z2Ts2,drill_phone
xyBwm2xE67o2,drill_phone
xhHiYjJDiF40,drill_phone
bBSEgb9z2Ts3,drill_phone
bBSEgb9z2Ts4,drill_phone
xyBwm2xE67o3,drill_phone
kt1aLgYel0I1,drill_phone
xhHiYjJDiF41,drill_phone
xhHiYjJDiF42,drill_phone
bBSEgb9z2Ts5,drill_phone
xhHiYjJDiF43,drill_phone
xhHiYjJDiF44,drill_phone
bBSEgb9z2Ts6,drill_phone
bBSEgb9z2Ts7,drill_phone
bBSEgb9z2Ts8,drill_phone
xhHiYjJDiF45,drill_phone
YQGKPAfz0xs0,drill_phone
xyBwm2xE67o4,drill_phone
bBSEgb9z2Ts9,drill_phone
bBSEgb9z2Ts10,drill_phone
xhHiYjJDiF46,drill_phone
bBSEgb9z2Ts11,drill_phone
bBSEgb9z2Ts12,drill_phone
bBSEgb9z2Ts13,drill_phone
-vkE1XhZ95g0,weigh_watermelon
VKN2P18dlN00,weigh_watermelon
VKN2P18dlN01,weigh_watermelon
6U522hz8UqI0,weigh_watermelon
VKN2P18dlN02,weigh_watermelon
ba9N6eHDpHo0,weigh_watermelon
VKN2P18dlN03,weigh_watermelon
-vkE1XhZ95g1,weigh_watermelon
TILXKPIH3bY0,weigh_watermelon
TILXKPIH3bY1,weigh_watermelon
VKN2P18dlN04,weigh_watermelon
ba9N6eHDpHo1,weigh_watermelon
VKN2P18dlN05,weigh_watermelon
VKN2P18dlN06,weigh_watermelon
TWzUh53H_VU0,hammer_car
TWzUh53H_VU1,hammer_car
sHeDzuNgjNw0,hammer_car
t_X3TlMbe-A0,hammer_car
t_X3TlMbe-A1,hammer_car
TWzUh53H_VU2,hammer_car
TWzUh53H_VU3,hammer_car
t_X3TlMbe-A2,hammer_car
t_X3TlMbe-A3,hammer_car
sHeDzuNgjNw1,hammer_car
sHeDzuNgjNw2,hammer_car
TWzUh53H_VU4,hammer_car
t_X3TlMbe-A4,hammer_car
blhs5-XnYgM0,hammer_car
blhs5-XnYgM1,hammer_car
blhs5-XnYgM2,hammer_car
blhs5-XnYgM3,hammer_car
blhs5-XnYgM4,hammer_car
blhs5-XnYgM5,hammer_car
TWzUh53H_VU5,hammer_car
sHeDzuNgjNw3,hammer_car
TWzUh53H_VU6,hammer_car
t_X3TlMbe-A5,hammer_car
sHeDzuNgjNw4,hammer_car
blhs5-XnYgM6,hammer_car
brXqMFcH6kY0,cut_car
_rGQFhz7vOo0,cut_car
GBFWLMb9ANw0,cut_car
0ynfaaNaRxA0,cut_car
GBFWLMb9ANw1,cut_car
GBFWLMb9ANw2,cut_car
0ynfaaNaRxA1,cut_car
GBFWLMb9ANw3,cut_car
GBFWLMb9ANw4,cut_car
0ynfaaNaRxA2,cut_car
GBFWLMb9ANw5,cut_car
GBFWLMb9ANw6,cut_car
GBFWLMb9ANw7,cut_car
0ynfaaNaRxA3,cut_car
0ynfaaNaRxA4,cut_car
0ynfaaNaRxA5,cut_car
brXqMFcH6kY1,cut_car
GBFWLMb9ANw8,cut_car
0ynfaaNaRxA6,cut_car
GBFWLMb9ANw9,cut_car
_rGQFhz7vOo1,cut_car
GBFWLMb9ANw10,cut_car
0ynfaaNaRxA7,cut_car
GBFWLMb9ANw11,cut_car
0ynfaaNaRxA8,cut_car
0ynfaaNaRxA9,cut_car
z_9Hm_b5vpI0,wash_watermelon
z_9Hm_b5vpI1,wash_watermelon
NgoHvIcrkSk0,wash_watermelon
KrUgfA7fgvM0,wash_watermelon
KrUgfA7fgvM1,wash_watermelon
XbiRi_X8XXI0,wash_watermelon
z_9Hm_b5vpI2,wash_watermelon
KrUgfA7fgvM2,wash_watermelon
XbiRi_X8XXI1,wash_watermelon
z_9Hm_b5vpI3,wash_watermelon
z_9Hm_b5vpI4,wash_watermelon
XbiRi_X8XXI2,wash_watermelon
JUfGp6IWe1w0,wash_watermelon
XbiRi_X8XXI3,wash_watermelon
KrUgfA7fgvM3,wash_watermelon
KrUgfA7fgvM4,wash_watermelon
z_9Hm_b5vpI5,wash_watermelon
z_9Hm_b5vpI6,wash_watermelon
z_9Hm_b5vpI7,wash_watermelon
JUfGp6IWe1w1,wash_watermelon
KrUgfA7fgvM5,wash_watermelon
FLp60ujWb8o0,drill_tomato
FLp60ujWb8o1,drill_tomato
FLp60ujWb8o2,drill_tomato
FLp60ujWb8o3,drill_tomato
FLp60ujWb8o4,drill_tomato
FLp60ujWb8o5,drill_tomato
FLp60ujWb8o6,drill_tomato
FLp60ujWb8o7,drill_tomato
7f4uMO57jIQ0,fry_phone
nHFE2vZCtYA0,fry_phone
7f4uMO57jIQ1,fry_phone
PTwkwQzZbuU0,fry_phone
PTwkwQzZbuU1,fry_phone
BL7it7H_Mq40,fry_phone
nHFE2vZCtYA1,fry_phone
nHFE2vZCtYA2,fry_phone
7f4uMO57jIQ2,fry_phone
PTwkwQzZbuU2,fry_phone
7f4uMO57jIQ3,fry_phone
PTwkwQzZbuU3,fry_phone
nHFE2vZCtYA3,fry_phone
7f4uMO57jIQ4,fry_phone
BL7it7H_Mq41,fry_phone
BL7it7H_Mq42,fry_phone
BL7it7H_Mq43,fry_phone
nHFE2vZCtYA4,fry_phone
BL7it7H_Mq44,fry_phone
NcWiHONWZoE0,drill_book
oapIHrbHJHM0,drill_book
y4jSb7_rhQc0,drill_book
bmtwM4YSltw0,drill_book
bmtwM4YSltw1,drill_book
oapIHrbHJHM1,drill_book
oapIHrbHJHM2,drill_book
bmtwM4YSltw2,drill_book
oapIHrbHJHM3,drill_book
NcWiHONWZoE1,drill_book
y4jSb7_rhQc1,drill_book
nA1WZkzbGl40,drill_book
oapIHrbHJHM4,drill_book
y4jSb7_rhQc2,drill_book
NcWiHONWZoE2,drill_book
ROd_UaeavXY0,drill_book
oapIHrbHJHM5,drill_book
NcWiHONWZoE3,drill_book
nA1WZkzbGl41,drill_book
y4jSb7_rhQc3,drill_book
bmtwM4YSltw3,drill_book
NcWiHONWZoE4,drill_book
bmtwM4YSltw4,drill_book
oapIHrbHJHM6,drill_book
NcWiHONWZoE5,drill_book
y4jSb7_rhQc4,drill_book
oapIHrbHJHM7,drill_book
nA1WZkzbGl42,drill_book
ROd_UaeavXY1,drill_book
oapIHrbHJHM8,drill_book
y4jSb7_rhQc5,drill_book
NcWiHONWZoE6,drill_book
NcWiHONWZoE7,drill_book
oapIHrbHJHM9,drill_book
ROd_UaeavXY2,drill_book
o23rBAIpRuM0,drill_eggs
o23rBAIpRuM1,drill_eggs
oinoBGn347s0,drill_eggs
JFKFpIZ-Wfw0,drill_eggs
JFKFpIZ-Wfw1,drill_eggs
TW5TH9Utcyw0,drill_eggs
o23rBAIpRuM2,drill_eggs
oinoBGn347s1,drill_eggs
o23rBAIpRuM3,drill_eggs
oinoBGn347s2,drill_eggs
oinoBGn347s3,drill_eggs
oinoBGn347s4,drill_eggs
CMKpQjqS_5Y0,microwave_watermelon
b64zEyIOiM80,microwave_watermelon
CMKpQjqS_5Y1,microwave_watermelon
4U2iyzNQqSc0,microwave_watermelon
b64zEyIOiM81,microwave_watermelon
AYDn6H5Vjgo0,microwave_watermelon
AYDn6H5Vjgo1,microwave_watermelon
CMKpQjqS_5Y2,microwave_watermelon
CMKpQjqS_5Y3,microwave_watermelon
b64zEyIOiM82,microwave_watermelon
A9DxjxnYdjI3,microwave_watermelon
CMKpQjqS_5Y4,microwave_watermelon
CMKpQjqS_5Y5,microwave_watermelon
Lb-pd4DTJVo0,hammer_banana
azm2we_K7kg0,hammer_banana
Lb-pd4DTJVo1,hammer_banana
7l4EQ3-XSgo0,hammer_banana
7l4EQ3-XSgo1,hammer_banana
Lb-pd4DTJVo2,hammer_banana
EyROXtdcSOk0,hammer_banana
nbRv6k1iA880,hammer_banana
RqyO2RLRrdc0,hammer_banana
7l4EQ3-XSgo2,hammer_banana
nbRv6k1iA881,hammer_banana
py24XvfoAFI0,hammer_banana
RqyO2RLRrdc1,hammer_banana
azm2we_K7kg1,hammer_banana
nbRv6k1iA882,hammer_banana
nbRv6k1iA883,hammer_banana
7l4EQ3-XSgo3,hammer_banana
yCIbOwSU8Gw0,drill_watermelon
XUqcxxUZVCk0,drill_watermelon
XUqcxxUZVCk1,drill_watermelon
XUqcxxUZVCk2,drill_watermelon
yCIbOwSU8Gw1,drill_watermelon
XUqcxxUZVCk3,drill_watermelon
KXJuEomKvkI0,spray_eggs
QL08etb7uBY0,spray_eggs
KXJuEomKvkI1,spray_eggs
QL08etb7uBY1,spray_eggs
iJLipCkXX7U0,wash_bicycle
iJLipCkXX7U1,wash_bicycle
iJLipCkXX7U2,wash_bicycle
iJLipCkXX7U3,wash_bicycle
iJLipCkXX7U4,wash_bicycle
iJLipCkXX7U5,wash_bicycle
iJLipCkXX7U6,wash_bicycle
iJLipCkXX7U7,wash_bicycle
vruWpGb52480,drill_bottle
82Ygn5nG74w0,drill_bottle
82Ygn5nG74w1,drill_bottle
82Ygn5nG74w2,drill_bottle
vruWpGb52481,drill_bottle
82Ygn5nG74w3,drill_bottle
ZleGVMgM-H00,drill_bottle
vruWpGb52482,drill_bottle
ZleGVMgM-H01,drill_bottle
82Ygn5nG74w4,drill_bottle
82Ygn5nG74w5,drill_bottle
82Ygn5nG74w6,drill_bottle
82Ygn5nG74w7,drill_bottle
82Ygn5nG74w8,drill_bottle
82Ygn5nG74w9,drill_bottle
82Ygn5nG74w10,drill_bottle
82Ygn5nG74w11,drill_bottle
vruWpGb52483,drill_bottle
GIHs1scECDo0,fry_tomato
GIHs1scECDo1,fry_tomato
GIHs1scECDo2,fry_tomato
s4M5ls6svw80,drill_rock
m9EvrFWwegI0,drill_rock
m9EvrFWwegI1,drill_rock
jN23GO1c2Y80,drill_rock
m9EvrFWwegI2,drill_rock
dxo3AURxpBE0,drill_rock
dxo3AURxpBE1,drill_rock
m9EvrFWwegI3,drill_rock
jN23GO1c2Y81,drill_rock
jN23GO1c2Y82,drill_rock
s4M5ls6svw81,drill_rock
dxo3AURxpBE2,drill_rock
dxo3AURxpBE3,drill_rock
dxo3AURxpBE4,drill_rock
dxo3AURxpBE5,drill_rock
mS7o4J03CvU8,drill_laptop
yOPaYamoXWc0,drill_laptop
dtts1T13YZ40,drill_laptop
mS7o4J03CvU9,drill_laptop
dtts1T13YZ41,drill_laptop
yOPaYamoXWc1,drill_laptop
dtts1T13YZ42,drill_laptop
ffo-o262prA0,drill_laptop
dtts1T13YZ43,drill_laptop
ffo-o262prA1,drill_laptop
rKnnSPUPdso0,drill_pumpkin
dDv8fQL2TJc0,drill_pumpkin
jF8pGJcDfVo0,drill_pumpkin
rKnnSPUPdso1,drill_pumpkin
jF8pGJcDfVo1,drill_pumpkin
rKnnSPUPdso2,drill_pumpkin
Fvw4ZwbswEw0,hammer_flower
Fvw4ZwbswEw1,hammer_flower
Fvw4ZwbswEw2,hammer_flower
Fvw4ZwbswEw3,hammer_flower
